{
  "__type__": "cc.Skeleton",
  "_name": "Skin-0",
  "_objFlags": 0,
  "_native": "",
  "_joints": [
    "Bip01/Bone003",
    "Bip01/Bone003/Bone009",
    "Bip01/Bone003/Bone006",
    "Bip01/Bone013/Bone020",
    "Bip01/Bone003/Bone011",
    "Bip01/Bone013",
    "Bip01/Bone003/Bone006/Bone008",
    "Bip01/Bone013/Bone016(mirrored)",
    "Bip01/Bone013/Bone019(mirrored)",
    "Bip01/Bone013/Bone015",
    "Bip01/Bone003/Bone006/Bone008/Bone005",
    "Bip01/Bone013/Bone016(mirrored)/Bone017(mirrored)",
    "Bip01/Bone003/Bone006/Bone008/Bone005/Bone007",
    "Bip01/Bone013/Bone016",
    "Bip01/Bone013/Bone019",
    "Bip01/Bone013/Bone016/Bone017",
    "Bip01/Bone013/Bone020(mirrored)"
  ],
  "_bindposes": [
    {
      "__type__": "cc.Mat4",
      "m00": -0.9999837875366211,
      "m01": 1.624324141857869e-7,
      "m02": 0.005701985210180283,
      "m03": 0,
      "m04": 1.6287972925965732e-7,
      "m05": 1,
      "m06": 7.798442425155372e-8,
      "m07": 0,
      "m08": -0.005701985210180283,
      "m09": 7.891189568454138e-8,
      "m10": -0.9999837875366211,
      "m11": 0,
      "m12": 56.777400970458984,
      "m13": 0.5111131072044373,
      "m14": -13.467159271240234,
      "m15": 1
    },
    {
      "__type__": "cc.Mat4",
      "m00": -0.8771604895591736,
      "m01": 0.4801972806453705,
      "m02": -5.575667501034332e-7,
      "m03": 0,
      "m04": 5.230121473687177e-7,
      "m05": -2.0575107839704287e-7,
      "m06": -1,
      "m07": 0,
      "m08": -0.4801972806453705,
      "m09": -0.8771604895591736,
      "m10": -7.06723000121201e-8,
      "m11": 0,
      "m12": -30.273880004882812,
      "m13": -46.07152557373047,
      "m14": -0.5111258625984192,
      "m15": 1
    },
    {
      "__type__": "cc.Mat4",
      "m00": -0.9999961853027344,
      "m01": -1.2167418184105827e-8,
      "m02": 0.002778130117803812,
      "m03": 0,
      "m04": -1.2193783760494625e-8,
      "m05": 1,
      "m06": -9.47365563774838e-9,
      "m07": 0,
      "m08": -0.002778130117803812,
      "m09": -9.507495235538954e-9,
      "m10": -0.9999961853027344,
      "m11": 0,
      "m12": -23.546491622924805,
      "m13": 0.5111078023910522,
      "m14": -13.536064147949219,
      "m15": 1
    },
    {
      "__type__": "cc.Mat4",
      "m00": 0.06349525600671768,
      "m01": 0.9977747797966003,
      "m02": -0.02034606970846653,
      "m03": 0,
      "m04": -0.9527446031570435,
      "m05": 0.06667300313711166,
      "m06": 0.2963652014732361,
      "m07": 0,
      "m08": 0.2970621883869171,
      "m09": 0.0005668253870680928,
      "m10": 0.9548580646514893,
      "m11": 0,
      "m12": -2.6857879161834717,
      "m13": -104.92787170410156,
      "m14": 16.82136344909668,
      "m15": 1
    },
    {
      "__type__": "cc.Mat4",
      "m00": 0.237131729722023,
      "m01": -0.9714774489402771,
      "m02": -2.4936980480561033e-7,
      "m03": 0,
      "m04": -2.3089177147994633e-7,
      "m05": 2.0033199632507603e-7,
      "m06": -1,
      "m07": 0,
      "m08": 0.9714774489402771,
      "m09": 0.237131729722023,
      "m10": -1.7680109465345595e-7,
      "m11": 0,
      "m12": -33.44900894165039,
      "m13": -0.9699498414993286,
      "m14": -0.5111159086227417,
      "m15": 1
    },
    {
      "__type__": "cc.Mat4",
      "m00": 0.9970845580101013,
      "m01": 0.07630449533462524,
      "m02": 5.05560793229165e-9,
      "m03": 0,
      "m04": 1.2423740258782345e-8,
      "m05": -9.608754680812126e-8,
      "m06": -1,
      "m07": 0,
      "m08": -0.07630449533462524,
      "m09": 0.9970845580101013,
      "m10": -9.675539303088954e-8,
      "m11": 0,
      "m12": -57.915096282958984,
      "m13": 9.239387512207031,
      "m14": -0.5111228823661804,
      "m15": 1
    },
    {
      "__type__": "cc.Mat4",
      "m00": -0.9990983605384827,
      "m01": -8.575554488743364e-8,
      "m02": 0.042457208037376404,
      "m03": 0,
      "m04": -9.991403260301013e-8,
      "m05": 1,
      "m06": -3.313546699246217e-7,
      "m07": 0,
      "m08": -0.042457208037376404,
      "m09": -3.352979263127054e-7,
      "m10": -0.9990983605384827,
      "m11": 0,
      "m12": -95.24298858642578,
      "m13": 0.5110962986946106,
      "m14": -9.764379501342773,
      "m15": 1
    },
    {
      "__type__": "cc.Mat4",
      "m00": -0.7572262287139893,
      "m01": -0.6006941199302673,
      "m02": 0.256465882062912,
      "m03": 0,
      "m04": -0.6271891593933105,
      "m05": 0.7783346176147461,
      "m06": -0.028789548203349113,
      "m07": 0,
      "m08": -0.18232247233390808,
      "m09": -0.18265292048454285,
      "m10": -0.9661244750022888,
      "m11": 0,
      "m12": 14.64189624786377,
      "m13": 66.54007720947266,
      "m14": -68.86604309082031,
      "m15": 1
    },
    {
      "__type__": "cc.Mat4",
      "m00": 0.3921489417552948,
      "m01": -0.9179144501686096,
      "m02": -0.06043407693505287,
      "m03": 0,
      "m04": -0.3542579412460327,
      "m05": -0.09006255865097046,
      "m06": -0.9308009147644043,
      "m07": 0,
      "m08": 0.8489528894424438,
      "m09": 0.38642168045043945,
      "m10": -0.3604963719844818,
      "m11": 0,
      "m12": -2.059194326400757,
      "m13": 79.78238677978516,
      "m14": -6.279653549194336,
      "m15": 1
    },
    {
      "__type__": "cc.Mat4",
      "m00": 0.9673216342926025,
      "m01": -0.2535523474216461,
      "m02": 5.055610596826909e-9,
      "m03": 0,
      "m04": -1.964215634586708e-8,
      "m05": -9.487544616604282e-8,
      "m06": -1,
      "m07": 0,
      "m08": 0.2535523474216461,
      "m09": 0.9673216342926025,
      "m10": -9.675539303088954e-8,
      "m11": 0,
      "m12": -187.88986206054688,
      "m13": 74.7060546875,
      "m14": -0.5111209750175476,
      "m15": 1
    },
    {
      "__type__": "cc.Mat4",
      "m00": -0.9815174341201782,
      "m01": -7.368506658167462e-7,
      "m02": 0.19137299060821533,
      "m03": 0,
      "m04": -7.926938110358606e-7,
      "m05": 1,
      "m06": -2.1524468252209772e-7,
      "m07": 0,
      "m08": -0.19137299060821533,
      "m09": -3.62966545708332e-7,
      "m10": -0.9815174341201782,
      "m11": 0,
      "m12": -148.1730194091797,
      "m13": 0.5110116004943848,
      "m14": 12.532546043395996,
      "m15": 1
    },
    {
      "__type__": "cc.Mat4",
      "m00": -0.9921862483024597,
      "m01": -0.10123477876186371,
      "m02": 0.072921983897686,
      "m03": 0,
      "m04": -0.1049603596329689,
      "m05": 0.9932581782341003,
      "m06": -0.049202173948287964,
      "m07": 0,
      "m08": -0.0674494132399559,
      "m09": -0.05647164210677147,
      "m10": -0.9961230754852295,
      "m11": 0,
      "m12": 33.52080154418945,
      "m13": 65.44673919677734,
      "m14": -63.73748016357422,
      "m15": 1
    },
    {
      "__type__": "cc.Mat4",
      "m00": -0.9758058786392212,
      "m01": -8.411059297941392e-7,
      "m02": 0.218639075756073,
      "m03": 0,
      "m04": -7.98381961431005e-7,
      "m05": 1,
      "m06": 2.837566341895581e-7,
      "m07": 0,
      "m08": -0.218639075756073,
      "m09": 1.0233387115476944e-7,
      "m10": -0.9758058786392212,
      "m11": 0,
      "m12": -189.9774932861328,
      "m13": 0.5110031366348267,
      "m14": 17.831323623657227,
      "m15": 1
    },
    {
      "__type__": "cc.Mat4",
      "m00": -0.7572261095046997,
      "m01": -0.6006942987442017,
      "m02": -0.25646641850471497,
      "m03": 0,
      "m04": 0.6271899938583374,
      "m05": -0.7783340811729431,
      "m06": -0.028789764270186424,
      "m07": 0,
      "m08": -0.18232272565364838,
      "m09": -0.1826534867286682,
      "m10": 0.9661242961883545,
      "m11": 0,
      "m12": 15.031415939331055,
      "m13": 66.05656433105469,
      "m14": 68.84819793701172,
      "m15": 1
    },
    {
      "__type__": "cc.Mat4",
      "m00": 0.3921487033367157,
      "m01": -0.9179146885871887,
      "m02": 0.06043369695544243,
      "m03": 0,
      "m04": 0.354257196187973,
      "m05": 0.09006257355213165,