{
  "__type__": "cc.Skeleton",
  "_name": "Skin-0",
  "_objFlags": 0,
  "_native": "",
  "_joints": [
    "Bip01/Bone020/Bone027",
    "Bip01/Bone020",
    "Bip01/Bone004/Bone022(mirrored)(mirrored)",
    "Bip01/Bone004",
    "Bip01/Bone004/Bone022(mirrored)",
    "Bip01/Bone004/Bone016",
    "Bip01/Bone004/Bone007/Bone006",
    "Bip01/Bone004/Bone007",
    "Bip01/Bone020/Bone021",
    "Bip01/Bone004/Bone014",
    "Bip01/Bone004/Bone014/Bone023",
    "Bip01/Bone020/Bone008",
    "Bip01/Bone020/Bone008/Bone012/Bone009/Bone013/Bone011",
    "Bip01/Bone020/Bone022",
    "Bip01/Bone020/Bone008/Bone012",
    "Bip01/Bone020/Bone008/Bone012/Bone009",
    "Bip01/Bone020/Bone008/Bone012/Bone009/Bone013",
    "Bip01/Bone020/Bone021(mirrored)",
    "Bip01/Bone020/Bone024"
  ],
  "_bindposes": [
    {
      "__type__": "cc.Mat4",
      "m00": 0.9874467849731445,
      "m01": -0.15795131027698517,
      "m02": 5.9183765444004166e-8,
      "m03": 0,
      "m04": 5.13113462830006e-8,
      "m05": -5.391868640458597e-8,
      "m06": -1,
      "m07": 0,
      "m08": 0.15795131027698517,
      "m09": 0.9874467849731445,
      "m10": -4.513714912945943e-8,
      "m11": 0,
      "m12": 14.883814811706543,
      "m13": 104.63086700439453,
      "m14": -0.000022289425032795407,
      "m15": 1
    },
    {
      "__type__": "cc.Mat4",
      "m00": 0.9786955714225769,
      "m01": -3.345023102951927e-8,
      "m02": 0.20531602203845978,
      "m03": 0,
      "m04": 8.974647691672999e-9,
      "m05": 1,
      "m06": 1.2014052686026844e-7,
      "m07": 0,
      "m08": -0.20531602203845978,
      "m09": -1.1573839486800352e-7,
      "m10": 0.9786955714225769,
      "m11": 0,
      "m12": -61.11809539794922,
      "m13": 0.000013651049812324345,
      "m14": -91.63233184814453,
      "m15": 1
    },
    {
      "__type__": "cc.Mat4",
      "m00": -0.9267480969429016,
      "m01": -0.3612173795700073,
      "m02": -0.10324693471193314,
      "m03": 0,
      "m04": 0.35899618268013,
      "m05": -0.9324818253517151,
      "m06": 0.03999573737382889,
      "m07": 0,
      "m08": -0.11072301864624023,
      "m09": 7.152560215217818e-7,
      "m10": 0.9938513040542603,
      "m11": 0,
      "m12": -165.40017700195312,
      "m13": 188.6809844970703,
      "m14": 55.495967864990234,
      "m15": 1
    },
    {
      "__type__": "cc.Mat4",
      "m00": -0.9607061147689819,
      "m01": -3.6434741446100816e-7,
      "m02": 0.277567595243454,
      "m03": 0,
      "m04": 4.647042999295081e-7,
      "m05": -1,
      "m06": 2.9577242344203114e-7,
      "m07": 0,
      "m08": 0.277567595243454,
      "m09": 4.1313722931590746e-7,
      "m10": 0.9607061147689819,
      "m11": 0,
      "m12": 48.84659957885742,
      "m13": 0.00003965602081734687,
      "m14": 44.66518020629883,
      "m15": 1
    },
    {
      "__type__": "cc.Mat4",
      "m00": -0.9267481565475464,
      "m01": 0.36121752858161926,
      "m02": -0.10324710607528687,
      "m03": 0,
      "m04": -0.3589966595172882,
      "m05": -0.932481586933136,
      "m06": -0.03999421373009682,
      "m07": 0,
      "m08": -0.11072266101837158,
      "m09": 8.046627044677734e-7,
      "m10": 0.9938512444496155,
      "m11": 0,
      "m12": -163.30755615234375,
      "m13": -181.2115478515625,
      "m14": 62.84400177001953,
      "m15": 1
    },
    {
      "__type__": "cc.Mat4",
      "m00": -0.9092361927032471,
      "m01": 6.468330866482574e-7,
      "m02": 0.41628071665763855,
      "m03": 0,
      "m04": 2.2555998668849497e-7,
      "m05": 1,
      "m06": -0.000001061172952177003,
      "m07": 0,
      "m08": -0.41628071665763855,
      "m09": -8.709605481271865e-7,
      "m10": -0.9092361927032471,
      "m11": 0,
      "m12": -374.1067810058594,
      "m13": 0.00015917874407023191,
      "m14": -7.912602424621582,
      "m15": 1
    },
    {
      "__type__": "cc.Mat4",
      "m00": -0.9605375528335571,
      "m01": 0.01800989732146263,
      "m02": 0.2775668799877167,
      "m03": 0,
      "m04": -0.018746308982372284,
      "m05": -0.9998244047164917,
      "m06": 7.172561709012371e-7,
      "m07": 0,
      "m08": 0.2775181233882904,
      "m09": -0.00520266592502594,
      "m10": 0.9607062935829163,
      "m11": 0,
      "m12": -414.3544921875,
      "m13": 13.890424728393555,
      "m14": 44.66489791870117,
      "m15": 1
    },
    {
      "__type__": "cc.Mat4",
      "m00": -0.95990389585495,
      "m01": -0.03925510495901108,
      "m02": 0.2775672376155853,
      "m03": 0,
      "m04": 0.04086079075932503,
      "m05": -0.999164879322052,
      "m06": 3.985898615610495e-7,
      "m07": 0,
      "m08": 0.27733540534973145,
      "m09": 0.011341999284923077,
      "m10": 0.9607062339782715,
      "m11": 0,
      "m12": -264.66485595703125,
      "m13": -10.82327938079834,
      "m14": 44.665077209472656,
      "m15": 1
    },
    {
      "__type__": "cc.Mat4",
      "m00": 0.7538689970970154,
      "m01": -0.6427873373031616,
      "m02": -0.13603650033473969,
      "m03": 0,
      "m04": 0.632570743560791,
      "m05": 0.7660447359085083,
      "m06": -0.11414778977632523,
      "m07": 0,
      "m08": 0.17758280038833618,
      "m09": -2.2444876890403975e-7,
      "m10": 0.9841057658195496,
      "m11": 0,
      "m12": -191.58042907714844,
      "m13": 61.18897247314453,
      "m14": -9.765459060668945,
      "m15": 1
    },
    {
      "__type__": "cc.Mat4",
      "m00": -0.4228236973285675,
      "m01": -8.129214847940602e-7,
      "m02": -0.9062119126319885,
      "m03": 0,
      "m04": 3.141242927995336e-7,
      "m05": 1,
      "m06": -0.0000010436197044327855,
      "m07": 0,
      "m08": 0.9062119126319885,
      "m09": -7.259303629325586e-7,
      "m10": -0.4228236973285675,
      "m11": 0,
      "m12": -214.69259643554688,
      "m13": -0.00006738522642990574,
      "m14": 39.954010009765625,
      "m15": 1
    },
    {
      "__type__": "cc.Mat4",
      "m00": -0.42281779646873474,
      "m01": -0.0022342843003571033,
      "m02": -0.9062119126319885,
      "m03": 0,
      "m04": -0.005282472353428602,
      "m05": 0.9999860525131226,
      "m06": -8.049777306951e-7,
      "m07": 0,
      "m08": 0.9061992764472961,
      "m09": 0.004786699544638395,
      "m10": -0.4228236973285675,
      "m11": 0,
      "m12": -288.7939453125,
      "m13": -1.5257409811019897,
      "m14": 39.953983306884766,
      "m15": 1
    },
    {
      "__type__": "cc.Mat4",
      "m00": 0.47777193784713745,
      "m01": -0.8784837126731873,
      "m02": 1.7339826285933668e-7,
      "m03": 0,
      "m04": 1.4745813814442954e-7,
      "m05": -1.1718696413254293e-7,
      "m06": -1,
      "m07": 0,
      "m08": 0.8784837126731873,
      "m09": 0.47777193784713745,
      "m10": 7.355095732464179e-8,
      "m11": 0,
      "m12": -259.4967956542969,
      "m13": 74.16104125976562,
      "m14": -0.00003667316195787862,
      "m15": 1
    },
    {
      "__type__": "cc.Mat4",
      "m00": -0.4456319510936737,
      "m01": 0.8952161073684692,
      "m02": 9.159482488030335e-7,
      "m03": 0,
      "m04": 3.208185006542408e-8,
      "m05": 0.0000010391286195954308,
      "m06": -1,
      "m07": 0,
      "m08": -0.8952161073684692,
      "m09": -0.4456319510936737,
      "m10": -4.917892511002719e-7,
      "m11": 0,
      "m12": 455.8085021972656,
      "m13": -271.22808837890625,
      "m14": -0.00001845071165007539,
      "m15": 1
    },
    {
      "__type__": "cc.Mat4",
      "m00": 0.7279099225997925,
      "m01": -0.4312404990196228,
      "m02": -0.5330836176872253,
      "m03": 0,
      "m04": 0.5097070932388306,
      "m05": 0.8603478074073792,
      "m06": 0.000007841645128792152,
      "m07": 0,
      "m08": 0.45863404870033264,
      "m09": -0.27172237634658813,
      "m10": 0.8460620641708374,
      "m11": 0,
      "m12": -165.04251098632812,
      "m13": 97.77838134765625,
      "m14": -5.951249599456787,
      "m15": 1
    },
    {
      "__type__": "cc.Mat4",
      "m00": 0.7316316366195679,
      "m01": -0.6816999316215515,