{
  "__type__": "cc.Skeleton",
  "_name": "Skin-0",
  "_objFlags": 0,
  "_native": "",
  "_joints": [
    "Bip01/Bone002/meimao_l",
    "Bip01/Bone002",
    "Bip01/Bone004",
    "Bip01/Bone004/Bone009",
    "Bip01/Bone004/Bone005",
    "Bip01/Bone002/Bone013",
    "Bip01/Bone002/Bone015",
    "Bip01/Bone002/face_l",
    "Bip01/Bone004/yuqi_l",
    "Bip01/Bone002/meimao_r",
    "Bip01/Bone002/eye_r",
    "Bip01/Bone004/yuqi_r",
    "Bip01/Bone002/face_r",
    "Bip01/Bone002/eye2_r",
    "Bip01/Bone002/eye2_l",
    "Bip01/Bone002/eye_l"
  ],
  "_bindposes": [
    {
      "__type__": "cc.Mat4",
      "m00": 0.12087699770927429,
      "m01": -0.2482014000415802,
      "m02": 0.9611374139785767,
      "m03": 0,
      "m04": 0.8145319819450378,
      "m05": -0.5286217927932739,
      "m06": -0.23894909024238586,
      "m07": 0,
      "m08": 0.5673855543136597,
      "m09": 0.8117604851722717,
      "m10": 0.13826978206634521,
      "m11": 0,
      "m12": -103.11675262451172,
      "m13": -138.03553771972656,
      "m14": -63.61087417602539,
      "m15": 1
    },
    {
      "__type__": "cc.Mat4",
      "m00": 0.9719460010528564,
      "m01": -0.23520423471927643,
      "m02": 1.6111272316265968e-7,
      "m03": 0,
      "m04": 1.5593418822845706e-7,
      "m05": -4.0616313867758436e-8,
      "m06": -1,
      "m07": 0,
      "m08": 0.23520423471927643,
      "m09": 0.9719460010528564,
      "m10": -2.8004834007333557e-9,
      "m11": 0,
      "m12": -6.7536773681640625,
      "m13": 54.282100677490234,
      "m14": 0.000012115751815144904,
      "m15": 1
    },
    {
      "__type__": "cc.Mat4",
      "m00": -0.9653352499008179,
      "m01": 0.2610132098197937,
      "m02": -5.564575644712022e-7,
      "m03": 0,
      "m04": 5.447000148706138e-7,
      "m05": -1.1738677585526602e-7,
      "m06": -1,
      "m07": 0,
      "m08": -0.2610132098197937,
      "m09": -0.9653352499008179,
      "m10": -2.8856298683876958e-8,
      "m11": 0,
      "m12": -4.774271488189697,
      "m13": -46.156063079833984,
      "m14": -0.000003908590315404581,
      "m15": 1
    },
    {
      "__type__": "cc.Mat4",
      "m00": -0.9736166000366211,
      "m01": -0.22819040715694427,
      "m02": -3.894965345807577e-7,
      "m03": 0,
      "m04": 3.8419577208514966e-7,
      "m05": 6.765047544377012e-8,
      "m06": -1,
      "m07": 0,
      "m08": 0.22819040715694427,
      "m09": -0.9736166000366211,
      "m10": 2.180416913688532e-8,
      "m11": 0,
      "m12": -158.5823211669922,
      "m13": 93.8844223022461,
      "m14": -0.000041576724470360205,
      "m15": 1
    },
    {
      "__type__": "cc.Mat4",
      "m00": -0.9676172137260437,
      "m01": 0.2524217367172241,
      "m02": -3.876649756762163e-8,
      "m03": 0,
      "m04": 6.88847237029222e-8,
      "m05": 1.1048000203572883e-7,
      "m06": -1,
      "m07": 0,
      "m08": -0.2524217367172241,
      "m09": -0.9676172137260437,
      "m10": -1.2429038065420173e-7,
      "m11": 0,
      "m12": -301.2638244628906,
      "m13": -48.83598327636719,
      "m14": 0.00010718392877606675,
      "m15": 1
    },
    {
      "__type__": "cc.Mat4",
      "m00": 0.8041760325431824,
      "m01": 0.5943912267684937,
      "m02": 7.954843539437206e-8,
      "m03": 0,
      "m04": 1.3122757991368417e-7,
      "m05": -4.3711342101460104e-8,
      "m06": -1,
      "m07": 0,
      "m08": -0.5943912267684937,
      "m09": 0.8041760325431824,
      "m10": -1.1315213299667448e-7,
      "m11": 0,
      "m12": -106.54338073730469,
      "m13": 20.714794158935547,
      "m14": 0.0000016438061720691621,
      "m15": 1
    },
    {
      "__type__": "cc.Mat4",
      "m00": -0.1069352775812149,
      "m01": 0.9942660331726074,
      "m02": -1.535116780360113e-7,
      "m03": 0,
      "m04": -1.018669877339562e-7,
      "m05": -1.653530006251458e-7,
      "m06": -1,
      "m07": 0,
      "m08": -0.9942660331726074,
      "m09": -0.1069352775812149,
      "m10": 1.1896494100938071e-7,
      "m11": 0,
      "m12": -51.47285461425781,
      "m13": -255.67471313476562,
      "m14": 0.00006940746970940381,
      "m15": 1
    },
    {
      "__type__": "cc.Mat4",
      "m00": 0.5981857180595398,
      "m01": 0.03600100427865982,
      "m02": 0.8005484938621521,
      "m03": 0,
      "m04": 0.7999413013458252,
      "m05": 0.032541580498218536,
      "m06": -0.5991953611373901,
      "m07": 0,
      "m08": -0.04762275144457817,
      "m09": 0.9988217353820801,
      "m10": -0.009332782588899136,
      "m11": 0,
      "m12": -70.20845794677734,
      "m13": 101.79045104980469,
      "m14": -34.7970085144043,
      "m15": 1
    },
    {
      "__type__": "cc.Mat4",
      "m00": -0.5175289511680603,
      "m01": -0.8545790314674377,
      "m02": 0.04310797154903412,
      "m03": 0,
      "m04": 0.4013001322746277,
      "m05": -0.19791336357593536,
      "m06": 0.8943089246749878,
      "m07": 0,
      "m08": -0.7557259798049927,
      "m09": 0.48013001680374146,
      "m10": 0.4453686475753784,
      "m11": 0,
      "m12": -224.90158081054688,
      "m13": 36.77023696899414,
      "m14": -60.012393951416016,
      "m15": 1
    },
    {
      "__type__": "cc.Mat4",
      "m00": 0.12087711691856384,
      "m01": 0.24820148944854736,
      "m02": 0.9611371159553528,
      "m03": 0,
      "m04": -0.8145322799682617,
      "m05": -0.5286214351654053,
      "m06": 0.23894912004470825,
      "m07": 0,
      "m08": 0.5673852562904358,
      "m09": -0.8117607831954956,
      "m10": 0.13826985657215118,
      "m11": 0,
      "m12": -109.92041015625,
      "m13": 133.62005615234375,
      "m14": -61.614959716796875,
      "m15": 1
    },
    {
      "__type__": "cc.Mat4",
      "m00": -0.03810564801096916,
      "m01": 0.9715625047683716,
      "m02": -0.23369698226451874,
      "m03": 0,
      "m04": -0.860916256904602,
      "m05": 0.08681175112724304,
      "m06": 0.501285195350647,
      "m07": 0,
      "m08": 0.5073174238204956,
      "m09": 0.22029533982276917,
      "m10": 0.8331260681152344,
      "m11": 0,
      "m12": -146.6807098388672,
      "m13": -119.66704559326172,
      "m14": 5.802395820617676,
      "m15": 1
    },
    {
      "__type__": "cc.Mat4",
      "m00": -0.5175290703773499,
      "m01": 0.8545791506767273,
      "m02": 0.04310818761587143,
      "m03": 0,
      "m04": -0.4013001620769501,
      "m05": -0.19791312515735626,
      "m06": -0.8943089842796326,
      "m07": 0,
      "m08": -0.755726158618927,
      "m09": -0.4801301956176758,
      "m10": 0.4453684389591217,
      "m11": 0,
      "m12": -224.90159606933594,
      "m13": -36.77019500732422,
      "m14": -60.01243591308594,
      "m15": 1
    },
    {
      "__type__": "cc.Mat4",
      "m00": 0.5981851816177368,
      "m01": -0.03600103780627251,
      "m02": 0.800548791885376,
      "m03": 0,
      "m04": -0.7999415397644043,
      "m05": 0.03254147991538048,
      "m06": 0.5991948843002319,
      "m07": 0,
      "m08": -0.0476226806640625,
      "m09": -0.9988217353820801,
      "m10": -0.009332895278930664,
      "m11": 0,
      "m12": -70.2083969116211,
      "m13": -101.79043579101562,
      "m14": -34.79707336425781,
      "m15": 1
    },
    {
      "__type__": "cc.Mat4",
      "m00": -0.01415209285914898,
      "m01": 0.999327540397644,
      "m02": -0.033831339329481125,
      "m03": 0,
      "m04": -0.6963287591934204,
      "m05": 0.01443182211369276,
      "m06": 0.7175779342651367,
      "m07": 0,
      "m08": 0.7175835371017456,
      "m09": 0.0337129645049572,
      "m10": 0.6956561207771301,
      "m11": 0,
      "m12": -149.98455810546875,
      "m13": -113.47529602050781,
      "m14": 22.29598045349121,
      "m15": 1
    },
    {
      "__type__": "cc.Mat4",
      "m00": -0.014152091927826405,
      "m01": -0.9993272423744202,
      "m02": -0.03383167088031769,
      "m03": 0,
      "m04": 0.6963291168212891,
      "m05": 0.014432045631110668,
      "m06": -0.7175776362419128,
      "m07": 0,
      "m08": 0.7175832986831665,