{
  "__type__": "cc.Skeleton",
  "_name": "Skin-0",
  "_objFlags": 0,
  "_native": "",
  "_joints": [
    "Bip01/Bone_01/Bone_02",
    "Bip01/Bone_01",
    "Bip01/Bone_01/Bone_02/Bone_03",
    "Bip01/Bone_01/Bone_02/Bone_03/Bone_04",
    "Bip01/Bone_head",
    "Bip01/Bone_01/Bone_R",
    "Bip01/Bone_head/Bone_changxu_R01",
    "Bip01/Bone_head/Bone_duanxu_R01/Bone_duanxu_R02",
    "Bip01/Bone_head/Bone_changxu_R01/Bone_changxu_R02/Bone_changxu_R03/Bone_changxu_R04",
    "Bip01/Bone_head/Bone_changxu_R01/Bone_changxu_R02/Bone_changxu_R03",
    "Bip01/Bone_head/Bone_changxu_R01/Bone_changxu_R02",
    "Bip01/Bone_head/Bone_duanxu_R01",
    "Bip01/Bone_01/Bone_L",
    "Bip01/Bone_head/Bone_duanxu_L01/Bone_duanxu_L02",
    "Bip01/Bone_head/Bone_changxu_L01/Bone_changxu_L02/Bone_changxu_L03/Bone_changxu_L04",
    "Bip01/Bone_head/Bone_changxu_L01/Bone_changxu_L02/Bone_changxu_L03",
    "Bip01/Bone_head/Bone_changxu_L01/Bone_changxu_L02",
    "Bip01/Bone_head/Bone_changxu_L01",
    "Bip01/Bone_head/Bone_duanxu_L01",
    "Bip01/Bone_head/Bone_meimao_L",
    "Bip01/Bone_head/Bone_meimao_R",
    "Bip01/Bone_head/Bone_yanpi_R",
    "Bip01/Bone_head/Bone_eye_R",
    "Bip01/Bone_head/Bone_yanpi_L",
    "Bip01/Bone_head/Bone_eye_L"
  ],
  "_bindposes": [
    {
      "__type__": "cc.Mat4",
      "m00": -0.9980735778808594,
      "m01": 0.06203850358724594,
      "m02": -5.466363290906884e-7,
      "m03": 0,
      "m04": 5.40014582384174e-7,
      "m05": -1.2350105293990055e-7,
      "m06": -1,
      "m07": 0,
      "m08": -0.06203850358724594,
      "m09": -0.9980735778808594,
      "m10": 8.976147825023872e-8,
      "m11": 0,
      "m12": -82.67528533935547,
      "m13": -1.7196506261825562,
      "m14": -0.00006298910011537373,
      "m15": 1
    },
    {
      "__type__": "cc.Mat4",
      "m00": -0.9957868456840515,
      "m01": 0.09169647842645645,
      "m02": -3.905078642674198e-7,
      "m03": 0,
      "m04": 3.877737526636338e-7,
      "m05": -4.7632806143838025e-8,
      "m06": -1,
      "m07": 0,
      "m08": -0.09169647842645645,
      "m09": -0.9957868456840515,
      "m10": 1.1874641714371137e-8,
      "m11": 0,
      "m12": 85.72466278076172,
      "m13": 0.7400966882705688,
      "m14": -0.000050655824452405795,
      "m15": 1
    },
    {
      "__type__": "cc.Mat4",
      "m00": -0.9997472167015076,
      "m01": 0.02247602306306362,
      "m02": -4.612005284343468e-7,
      "m03": 0,
      "m04": 4.570578653328994e-7,
      "m05": -1.8944777480101038e-7,
      "m06": -1,
      "m07": 0,
      "m08": -0.02247602306306362,
      "m09": -0.9997472167015076,
      "m10": 1.791271131423855e-7,
      "m11": 0,
      "m12": -263.272705078125,
      "m13": -12.152174949645996,
      "m14": -0.00003891065716743469,
      "m15": 1
    },
    {
      "__type__": "cc.Mat4",
      "m00": -0.9997472167015076,
      "m01": 0.022475935518741608,
      "m02": -3.650473558991507e-7,
      "m03": 0,
      "m04": 3.6963510297027824e-7,
      "m05": 1.9996662103949348e-7,
      "m06": -1,
      "m07": 0,
      "m08": -0.022475935518741608,
      "m09": -0.9997472167015076,
      "m10": -2.082240371237276e-7,
      "m11": 0,
      "m12": -391.5270080566406,
      "m13": -12.152210235595703,
      "m14": -0.000010397096957603935,
      "m15": 1
    },
    {
      "__type__": "cc.Mat4",
      "m00": 0.9996989965438843,
      "m01": -0.02453271485865116,
      "m02": 1.8070564067329542e-7,
      "m03": 0,
      "m04": 1.7665557550117228e-7,
      "m05": -1.6725583407151134e-7,
      "m06": -1,
      "m07": 0,
      "m08": 0.02453271485865116,
      "m09": 0.9996989965438843,
      "m10": -1.628716574941791e-7,
      "m11": 0,
      "m12": -93.31819915771484,
      "m13": -7.843866348266602,
      "m14": -0.00009475011029280722,
      "m15": 1
    },
    {
      "__type__": "cc.Mat4",
      "m00": -0.7852300405502319,
      "m01": 0.33478838205337524,
      "m02": -0.5208938717842102,
      "m03": 0,
      "m04": -0.39219769835472107,
      "m05": -0.9198809266090393,
      "m06": -2.076830440955746e-8,
      "m07": 0,
      "m08": -0.4791603088378906,
      "m09": 0.204293355345726,
      "m10": 0.8536214828491211,
      "m11": 0,
      "m12": -23.49953269958496,
      "m13": -103.059326171875,
      "m14": 111.05988311767578,
      "m15": 1
    },
    {
      "__type__": "cc.Mat4",
      "m00": 0.4345777928829193,
      "m01": 0.8970006704330444,
      "m02": -0.08082111179828644,
      "m03": 0,
      "m04": -0.4800594747066498,
      "m05": 0.15477851033210754,
      "m06": -0.8634735345840454,
      "m07": 0,
      "m08": -0.7620266675949097,
      "m09": 0.41404545307159424,
      "m10": 0.4978770613670349,
      "m11": 0,
      "m12": -164.95994567871094,
      "m13": -300.9366455078125,
      "m14": -84.13043975830078,
      "m15": 1
    },
    {
      "__type__": "cc.Mat4",
      "m00": -0.4533860385417938,
      "m01": 0.8913143873214722,
      "m02": 1.661065596181288e-7,
      "m03": 0,
      "m04": -0.10986612737178802,
      "m05": -0.055885568261146545,
      "m06": -0.9923740029335022,
      "m07": 0,
      "m08": -0.8845171928405762,
      "m09": -0.4499286115169525,
      "m10": 0.12326296418905258,
      "m11": 0,
      "m12": 15.512020111083984,
      "m13": -364.7547607421875,
      "m14": -56.31438064575195,
      "m15": 1
    },
    {
      "__type__": "cc.Mat4",
      "m00": -0.49257317185401917,
      "m01": 0.870222806930542,
      "m02": -0.009172492660582066,
      "m03": 0,
      "m04": -0.3156474828720093,
      "m05": -0.18846851587295532,
      "m06": -0.9299710392951965,
      "m07": 0,
      "m08": -0.8110109567642212,
      "m09": -0.4551835060119629,
      "m10": 0.36751803755760193,
      "m11": 0,
      "m12": -144.88470458984375,
      "m13": -430.9291687011719,
      "m14": -131.4853515625,
      "m15": 1
    },
    {
      "__type__": "cc.Mat4",
      "m00": -0.4925728440284729,
      "m01": 0.8702230453491211,
      "m02": -0.009172143414616585,
      "m03": 0,
      "m04": -0.3156481385231018,
      "m05": -0.1884683519601822,
      "m06": -0.9299709796905518,
      "m07": 0,
      "m08": -0.8110108971595764,
      "m09": -0.4551832377910614,
      "m10": 0.3675185739994049,
      "m11": 0,
      "m12": -25.265005111694336,
      "m13": -430.92913818359375,
      "m14": -131.48529052734375,
      "m15": 1
    },
    {
      "__type__": "cc.Mat4",
      "m00": -0.2634538412094116,
      "m01": 0.9646283388137817,
      "m02": -0.009174603037536144,
      "m03": 0,
      "m04": -0.3523022532463074,
      "m05": -0.1050637736916542,
      "m06": -0.9299703240394592,
      "m07": 0,
      "m08": -0.8980395793914795,
      "m09": -0.24177201092243195,
      "m10": 0.3675202429294586,
      "m11": 0,
      "m12": -10.905038833618164,
      "m13": -411.48419189453125,
      "m14": -131.48397827148438,
      "m15": 1
    },
    {
      "__type__": "cc.Mat4",
      "m00": -0.2647510766983032,
      "m01": 0.9643168449401855,
      "m02": 5.065501227363711e-7,
      "m03": 0,
      "m04": 0.03065417893230915,
      "m05": 0.008416563272476196,
      "m06": -0.9994946122169495,
      "m07": 0,
      "m08": -0.9638293981552124,
      "m09": -0.26461726427078247,
      "m10": -0.03178863227367401,
      "m11": 0,
      "m12": 34.2470703125,
      "m13": -357.6244201660156,
      "m14": -79.08779907226562,
      "m15": 1
    },
    {
      "__type__": "cc.Mat4",
      "m00": -0.7852302193641663,
      "m01": -0.33478811383247375,
      "m02": -0.5208936333656311,
      "m03": 0,
      "m04": 0.39219722151756287,
      "m05": -0.9198809862136841,
      "m06": 3.2471135114064964e-7,
      "m07": 0,
      "m08": -0.4791603982448578,
      "m09": -0.20429278910160065,
      "m10": 0.8536214232444763,
      "m11": 0,
      "m12": -23.492109298706055,
      "m13": 103.04199981689453,
      "m14": 111.059814453125,
      "m15": 1
    },
    {
      "__type__": "cc.Mat4",
      "m00": -0.4533856511116028,
      "m01": -0.8913145661354065,