{
  "__type__": "cc.Skeleton",
  "_name": "Skin-0",
  "_objFlags": 0,
  "_native": "",
  "_joints": [
    "Bip01/Bone001",
    "Bip01/Bone008",
    "Bip01/Bone008/Bone011",
    "Bip01/Bone001/Bone002",
    "Bip01/Bone001/Bone002/Bone003",
    "Bip01/Bone001/Bone002/Bone003/Bone004",
    "Bip01/Bone001/Bone006",
    "Bip01/Bone001/B_chibang_l",
    "Bip01/Bone001/B_chibang_l/Bone025",
    "Bip01/Bone008/Bone009",
    "Bip01/Bone008/Bone018(mirrored)",
    "Bip01/Bone001/B_chibang_r",
    "Bip01/Bone001/B_chibang_r/Bone026",
    "Bip01/Bone008/Bone018",
    "Bip01/Bone008/Bone017(mirrored)",
    "Bip01/Bone008/Bone015(mirrored)",
    "Bip01/Bone008/Bone017",
    "Bip01/Bone008/Bone015"
  ],
  "_bindposes": [
    {
      "__type__": "cc.Mat4",
      "m00": -0.9998788833618164,
      "m01": -0.015568431466817856,
      "m02": -0.00001424981928721536,
      "m03": 0,
      "m04": 0.00001426112066837959,
      "m05": -6.152453124741442e-7,
      "m06": -1.0000004768371582,
      "m07": 0,
      "m08": 0.015568431466817856,
      "m09": -0.9998788833618164,
      "m10": 8.371943067686516e-7,
      "m11": 0,
      "m12": 373.0305480957031,
      "m13": -29.819992065429688,
      "m14": 0.0012913370737805963,
      "m15": 1
    },
    {
      "__type__": "cc.Mat4",
      "m00": 0.9997731447219849,
      "m01": 0.021292153745889664,
      "m02": -0.000013789578588330187,
      "m03": 0,
      "m04": -0.000013784034308628179,
      "m05": -4.074617265814595e-7,
      "m06": -0.9999994039535522,
      "m07": 0,
      "m08": -0.021292146295309067,
      "m09": 0.9997735023498535,
      "m10": -1.1387744791591103e-7,
      "m11": 0,
      "m12": -384.2915954589844,
      "m13": 6.419632434844971,
      "m14": 0.0013426756486296654,
      "m15": 1
    },
    {
      "__type__": "cc.Mat4",
      "m00": 0.5766929984092712,
      "m01": 0.8169609904289246,
      "m02": -0.000013400021998677403,
      "m03": 0,
      "m04": -0.000007859324796299916,
      "m05": -0.000010854389984160662,
      "m06": -0.9999994039535522,
      "m07": 0,
      "m08": -0.8169611096382141,
      "m09": 0.5766929388046265,
      "m10": 1.6111081890812784e-7,
      "m11": 0,
      "m12": -278.9345397949219,
      "m13": -198.17723083496094,
      "m14": 0.0012362803099676967,
      "m15": 1
    },
    {
      "__type__": "cc.Mat4",
      "m00": -0.9999871850013733,
      "m01": 0.005078163929283619,
      "m02": -0.00001425017853762256,
      "m03": 0,
      "m04": 0.000014245379134081304,
      "m05": -9.80203139988589e-7,
      "m06": -1.0000004768371582,
      "m07": 0,
      "m08": -0.005078163929283619,
      "m09": -0.9999871850013733,
      "m10": 9.078505058823794e-7,
      "m11": 0,
      "m12": -154.6090545654297,
      "m13": -26.633642196655273,
      "m14": 0.001249349326826632,
      "m15": 1
    },
    {
      "__type__": "cc.Mat4",
      "m00": -0.9999997615814209,
      "m01": -0.0007686662138439715,
      "m02": -0.000014242910765460692,
      "m03": 0,
      "m04": 0.000014250868844101205,
      "m05": -0.00001035466993926093,
      "m06": -1.0000004768371582,
      "m07": 0,
      "m08": 0.0007686660974286497,
      "m09": -0.9999997615814209,
      "m10": 0.000010365625712438487,
      "m11": 0,
      "m12": -660.9554443359375,
      "m13": -30.498653411865234,
      "m14": 0.001501556602306664,
      "m15": 1
    },
    {
      "__type__": "cc.Mat4",
      "m00": -0.9999547600746155,
      "m01": -0.009495420381426811,
      "m02": -0.00001424310448783217,
      "m03": 0,
      "m04": 0.000014340879715746269,
      "m05": -0.000010229907275061123,
      "m06": -1.0000004768371582,
      "m07": 0,
      "m08": 0.009495420381426811,
      "m09": -0.9999547600746155,
      "m10": 0.000010365625712438487,
      "m11": 0,
      "m12": -1096.9664306640625,
      "m13": -40.07318878173828,
      "m14": 0.0015013458905741572,
      "m15": 1
    },
    {
      "__type__": "cc.Mat4",
      "m00": -0.45268088579177856,
      "m01": -0.8916727304458618,
      "m02": -0.000013710170605918393,
      "m03": 0,
      "m04": 0.0000070035466706031,
      "m05": 0.000011820251529570669,
      "m06": -1.0000004768371582,
      "m07": 0,
      "m08": 0.8916727304458618,
      "m09": -0.45268088579177856,
      "m10": 8.940699558479537e-7,
      "m11": 0,
      "m12": -469.2584533691406,
      "m13": 64.1642074584961,
      "m14": 0.0011509339092299342,
      "m15": 1
    },
    {
      "__type__": "cc.Mat4",
      "m00": -0.633205235004425,
      "m01": -0.7457153797149658,
      "m02": -0.20726852118968964,
      "m03": 0,
      "m04": 0.7055013179779053,
      "m05": -0.6662304401397705,
      "m06": 0.24167197942733765,
      "m07": 0,
      "m08": -0.3183070421218872,
      "m09": 0.006799745839089155,
      "m10": 0.9479633569717407,
      "m11": 0,
      "m12": -439.121337890625,
      "m13": 413.34332275390625,
      "m14": 98.93492126464844,
      "m15": 1
    },
    {
      "__type__": "cc.Mat4",
      "m00": -0.6332052946090698,
      "m01": -0.7457153797149658,
      "m02": -0.20726853609085083,
      "m03": 0,
      "m04": 0.70550137758255,
      "m05": -0.6662304401397705,
      "m06": 0.24167199432849884,
      "m07": 0,
      "m08": -0.318307101726532,
      "m09": 0.006799748633056879,
      "m10": 0.9479633569717407,
      "m11": 0,
      "m12": -831.51123046875,
      "m13": 413.3434143066406,
      "m14": 98.9349136352539,
      "m15": 1
    },
    {
      "__type__": "cc.Mat4",
      "m00": 0.9998815655708313,
      "m01": -0.015378324314951897,
      "m02": -0.000013761897207587026,
      "m03": 0,
      "m04": -0.000013762020898866467,
      "m05": 9.819665791610532e-8,
      "m06": -0.9999994039535522,
      "m07": 0,
      "m08": 0.015378318727016449,
      "m09": 0.9998819231987,
      "m10": -1.1345171913035301e-7,
      "m11": 0,
      "m12": -918.9871826171875,
      "m13": 40.14078903198242,
      "m14": 0.0013165954733267426,
      "m15": 1
    },
    {
      "__type__": "cc.Mat4",
      "m00": 0.4311160147190094,
      "m01": -0.3593757152557373,
      "m02": 0.8276398181915283,
      "m03": 0,
      "m04": 0.5800889134407043,
      "m05": -0.5921804308891296,
      "m06": -0.5593021512031555,
      "m07": 0,
      "m08": 0.6911118030548096,
      "m09": 0.721229076385498,
      "m10": -0.04682862013578415,
      "m11": 0,
      "m12": -457.01507568359375,
      "m13": 37.179988861083984,
      "m14": -513.3790283203125,
      "m15": 1
    },
    {
      "__type__": "cc.Mat4",
      "m00": -0.6332250237464905,
      "m01": 0.7456969022750854,
      "m02": -0.20727533102035522,
      "m03": 0,
      "m04": -0.7054846286773682,
      "m05": -0.6662511229515076,
      "m06": -0.24166446924209595,
      "m07": 0,
      "m08": -0.3183059096336365,
      "m09": -0.006798428483307362,
      "m10": 0.9479638338088989,
      "m11": 0,
      "m12": -439.1629638671875,
      "m13": -413.3823547363281,
      "m14": 98.92084503173828,
      "m15": 1
    },
    {
      "__type__": "cc.Mat4",
      "m00": -0.6332249641418457,
      "m01": 0.7456968426704407,
      "m02": -0.20727533102035522,
      "m03": 0,
      "m04": -0.7054845690727234,
      "m05": -0.6662510633468628,
      "m06": -0.24166446924209595,
      "m07": 0,
      "m08": -0.3183058798313141,
      "m09": -0.006798428483307362,
      "m10": 0.9479638338088989,
      "m11": 0,
      "m12": -832.8390502929688,
      "m13": -413.3822937011719,
      "m14": 98.92086791992188,
      "m15": 1
    },
    {
      "__type__": "cc.Mat4",
      "m00": 0.4311000406742096,
      "m01": 0.3593598008155823,
      "m02": 0.827655017375946,
      "m03": 0,
      "m04": -0.5801005959510803,
      "m05": -0.5921903252601624,
      "m06": 0.5592796206474304,
      "m07": 0,
      "m08": 0.6911121010780334,
      "m09": -0.721228837966919,
      "m10": -0.04682840034365654,
      "m11": 0,
      "m12": -457.01361083984375,
      "m13": -37.17873764038086,
      "m14": -513.3804321289062,