{
  "__type__": "cc.Skeleton",
  "_name": "Skin-0",
  "_objFlags": 0,
  "_native": "",
  "_joints": [
    "Bip01/Bone021/Bone001",
    "Bip01/Bone021",
    "Bip01/Bone028",
    "Bip01/Bone028/Bone027",
    "Bip01/Bone028/Bone012/Bone014",
    "Bip01/Bone028/Bone027/Bone026",
    "Bip01/Bone028/Bone027/Bone026/Bone025",
    "Bip01/Bone021/zui",
    "Bip01/Bone021/Bone015",
    "Bip01/Bone028/Bone027/Bone024",
    "Bip01/Bone028/Bone012",
    "Bip01/Bone021/Bone015/Bone023",
    "Bip01/Bone021/Bone017",
    "Bip01/Bone021/Bone020",
    "Bip01/Bone021/Bone018",
    "Bip01/Bone028/Bone012(mirrored)/Bone014(mirrored)",
    "Bip01/Bone028/Bone012(mirrored)",
    "Bip01/Bone021/Bone017(mirrored)",
    "Bip01/Bone021/Bone020(mirrored)",
    "Bip01/Bone021/Bone018(mirrored)"
  ],
  "_bindposes": [
    {
      "__type__": "cc.Mat4",
      "m00": 0.9713386297225952,
      "m01": 2.3527759296371187e-8,
      "m02": 0.23769913613796234,
      "m03": 0,
      "m04": -2.1987247578181268e-7,
      "m05": 1,
      "m06": 7.995101327651355e-7,
      "m07": 0,
      "m08": -0.23769913613796234,
      "m09": -8.288589015137404e-7,
      "m10": 0.9713386297225952,
      "m11": 0,
      "m12": -118.63062286376953,
      "m13": -0.0000376853313355241,
      "m14": 142.2029266357422,
      "m15": 1
    },
    {
      "__type__": "cc.Mat4",
      "m00": 0.9961962103843689,
      "m01": 7.690007350902306e-7,
      "m02": 0.08713728189468384,
      "m03": 0,
      "m04": -9.322768619313138e-7,
      "m05": 0.9999997615814209,
      "m06": 0.0000018330852071812842,
      "m07": 0,
      "m08": -0.08713724464178085,
      "m09": -0.0000019073477233177982,
      "m10": 0.9961966276168823,
      "m11": 0,
      "m12": -1.3929835557937622,
      "m13": 0.08392979949712753,
      "m14": 2.7274956703186035,
      "m15": 1
    },
    {
      "__type__": "cc.Mat4",
      "m00": -1,
      "m01": 1.0575065996498711e-11,
      "m02": -6.278329465203569e-7,
      "m03": 0,
      "m04": 4.363054188771809e-12,
      "m05": 1,
      "m06": 0.000009894371032714844,
      "m07": 0,
      "m08": 6.278329465203569e-7,
      "m09": 0.000009894371032714844,
      "m10": -1,
      "m11": 0,
      "m12": 4.733908653259277,
      "m13": 0.00003573274443624541,
      "m14": -1.19554603099823,
      "m15": 1
    },
    {
      "__type__": "cc.Mat4",
      "m00": -1,
      "m01": 5.642733071908879e-7,
      "m02": -0.000002686176912902738,
      "m03": 0,
      "m04": 5.642439191433368e-7,
      "m05": 1,
      "m06": 0.000010935469617834315,
      "m07": 0,
      "m08": 0.000002686183051991975,
      "m09": 0.000010935467798844911,
      "m10": -1,
      "m11": 0,
      "m12": -398.0638122558594,
      "m13": 0.00019699998665601015,
      "m14": -1.1968624591827393,
      "m15": 1
    },
    {
      "__type__": "cc.Mat4",
      "m00": -0.7834385633468628,
      "m01": -0.6214540600776672,
      "m02": 0.004380041733384132,
      "m03": 0,
      "m04": 0.4526011645793915,
      "m05": -0.5657156109809875,
      "m06": 0.689288318157196,
      "m07": 0,
      "m08": -0.4258829653263092,
      "m09": 0.541997492313385,
      "m10": 0.7244741320610046,
      "m11": 0,
      "m12": -512.0029907226562,
      "m13": 220.4453125,
      "m14": 54.363094329833984,
      "m15": 1
    },
    {
      "__type__": "cc.Mat4",
      "m00": -1,
      "m01": 3.8942812352615874e-7,
      "m02": -7.788281664034002e-7,
      "m03": 0,
      "m04": 3.89419227531107e-7,
      "m05": 1,
      "m06": 0.000011412305866542738,
      "m07": 0,
      "m08": 7.788326001900714e-7,
      "m09": 0.000011412305866542738,
      "m10": -1,
      "m11": 0,
      "m12": -687.9498901367188,
      "m13": 0.0001314260152867064,
      "m14": -1.1955431699752808,
      "m15": 1
    },
    {
      "__type__": "cc.Mat4",
      "m00": -1,
      "m01": 3.894296014550491e-7,
      "m02": -7.788274274389551e-7,
      "m03": 0,
      "m04": 3.89419227531107e-7,
      "m05": 1,
      "m06": 0.000013319654499355238,
      "m07": 0,
      "m08": 7.788326001900714e-7,
      "m09": 0.000013319654499355238,
      "m10": -1,
      "m11": 0,
      "m12": -958.1170654296875,
      "m13": 0.00013692714856006205,
      "m14": -1.195539951324463,
      "m15": 1
    },
    {
      "__type__": "cc.Mat4",
      "m00": 0.9961962699890137,
      "m01": 7.069357934597065e-7,
      "m02": 0.08713728189468384,
      "m03": 0,
      "m04": -8.702858167453087e-7,
      "m05": 0.9999996423721313,
      "m06": 0.000001836637352425896,
      "m07": 0,
      "m08": -0.08713725209236145,
      "m09": -0.0000019054846234212164,
      "m10": 0.9961965084075928,
      "m11": 0,
      "m12": -514.7308349609375,
      "m13": 0.08396167308092117,
      "m14": 2.727510929107666,
      "m15": 1
    },
    {
      "__type__": "cc.Mat4",
      "m00": -0.1134536862373352,
      "m01": -0.993543267250061,
      "m02": -0.000001747058490764175,
      "m03": 0,
      "m04": 0.0000013268634120322531,
      "m05": 0.0000016068961485871114,
      "m06": -1,
      "m07": 0,
      "m08": 0.993543267250061,
      "m09": -0.1134536862373352,
      "m10": 0.000001135987986344844,
      "m11": 0,
      "m12": -267.52044677734375,
      "m13": 25.777244567871094,
      "m14": -0.0002192920946981758,
      "m15": 1
    },
    {
      "__type__": "cc.Mat4",
      "m00": -0.9588618874549866,
      "m01": 0.28387296199798584,
      "m02": -5.213301506046264e-7,
      "m03": 0,
      "m04": 4.44799439947019e-7,
      "m05": -3.3405413546461205e-7,
      "m06": -1,
      "m07": 0,
      "m08": -0.28387296199798584,
      "m09": -0.9588618874549866,
      "m10": 1.940452420967631e-7,
      "m11": 0,
      "m12": -714.2154541015625,
      "m13": 34.12726974487305,
      "m14": -0.00008627356146462262,
      "m15": 1
    },
    {
      "__type__": "cc.Mat4",
      "m00": -0.5173316597938538,
      "m01": -0.8557741045951843,
      "m02": 0.004380139987915754,
      "m03": 0,
      "m04": 0.6215600371360779,
      "m05": -0.3722166419029236,
      "m06": 0.6892882585525513,
      "m07": 0,
      "m08": -0.5882447957992554,
      "m09": 0.35931307077407837,
      "m10": 0.7244739532470703,
      "m11": 0,
      "m12": -372.29583740234375,
      "m13": 27.921777725219727,
      "m14": 54.36307907104492,
      "m15": 1
    },
    {
      "__type__": "cc.Mat4",
      "m00": -0.16592371463775635,
      "m01": -0.9861384630203247,
      "m02": -0.000002217285555161652,
      "m03": 0,
      "m04": 0.000001410119807587762,
      "m05": 0.0000020111908725084504,
      "m06": -1,
      "m07": 0,
      "m08": 0.9861384630203247,
      "m09": -0.16592371463775635,
      "m10": 0.0000010568693369350513,
      "m11": 0,
      "m12": -473.2042541503906,
      "m13": 50.91498565673828,
      "m14": -0.00022553147573489696,
      "m15": 1
    },
    {
      "__type__": "cc.Mat4",
      "m00": 0.3126935064792633,
      "m01": -0.9498282670974731,
      "m02": 0.006973605137318373,
      "m03": 0,
      "m04": 0.4291438162326813,
      "m05": 0.1347213238477707,
      "m06": -0.8931326270103455,
      "m07": 0,
      "m08": 0.8473830819129944,
      "m09": 0.2822694182395935,
      "m10": 0.44973963499069214,
      "m11": 0,
      "m12": -54.6418571472168,
      "m13": 283.94659423828125,
      "m14": 19.048534393310547,
      "m15": 1
    },
    {
      "__type__": "cc.Mat4",
      "m00": 0.1708761304616928,
      "m01": 0.219845250248909,
      "m02": -0.9604522585868835,
      "m03": 0,
      "m04": 0.7492747902870178,
      "m05": 0.6040197610855103,
      "m06": 0.27156370878219604,
      "m07": 0,
      "m08": 0.6398348212242126,
      "m09": -0.7660463452339172,
      "m10": -0.06151195615530014,
      "m11": 0,
      "m12": -141.47889709472656,
      "m13": -135.85948181152344,
      "m14": 290.1717224121094,
      "m15": 1
    },
    {
      "__type__": "cc.Mat4",
      "m00": 0.9277148842811584,
      "m01": -0.367659330368042,
      "m02": -0.06458845734596252,
      "m03": 0,
      "m04": 0.3669202923774719,