{
  "__type__": "cc.Skeleton",
  "_name": "Skin-0",
  "_objFlags": 0,
  "_native": "",
  "_joints": [
    "Bip01/Bone003/Bone017(mirrored)",
    "Bip01/Bone003/Bone007",
    "Bip01/Bone003/Bone009",
    "Bip01/Bone003",
    "Bip01/Bone003/Bone011",
    "Bip01/Bone028",
    "Bip01/Bone003/Bone023",
    "Bip01/Bone003/Bone019",
    "Bip01/Bone028/Bone013",
    "Bip01/Bone003/Bone015",
    "Bip01/Bone003/Bone006",
    "Bip01/Bone003/Bone006/Bone005",
    "Bip01/Bone028/Bone026(mirrored)",
    "Bip01/Bone003/Bone021",
    "Bip01/Bone003/Bone017",
    "Bip01/Bone003/Bone023(mirrored)",
    "Bip01/Bone003/Bone019(mirrored)",
    "Bip01/Bone028/Bone026",
    "Bip01/Bone003/Bone021(mirrored)"
  ],
  "_bindposes": [
    {
      "__type__": "cc.Mat4",
      "m00": -0.5270607471466064,
      "m01": -0.8246195912361145,
      "m02": 0.20545093715190887,
      "m03": 0,
      "m04": 0.47107994556427,
      "m05": -0.08228296041488647,
      "m06": 0.8782445192337036,
      "m07": 0,
      "m08": -0.7073113322257996,
      "m09": 0.5596725940704346,
      "m10": 0.4318300187587738,
      "m11": 0,
      "m12": -90.56864166259766,
      "m13": 169.88243103027344,
      "m14": -24.262073516845703,
      "m15": 1
    },
    {
      "__type__": "cc.Mat4",
      "m00": -0.6717290282249451,
      "m01": -3.3150288913930126e-7,
      "m02": -0.7407968640327454,
      "m03": 0,
      "m04": 1.76830880604939e-7,
      "m05": 1,
      "m06": -6.078390697439318e-7,
      "m07": 0,
      "m08": 0.7407968640327454,
      "m09": -5.392989805841353e-7,
      "m10": -0.6717290282249451,
      "m11": 0,
      "m12": -209.8624725341797,
      "m13": 20.306856155395508,
      "m14": -34.550262451171875,
      "m15": 1
    },
    {
      "__type__": "cc.Mat4",
      "m00": -0.3941352963447571,
      "m01": -0.919052243232727,
      "m02": -8.578810479775711e-7,
      "m03": 0,
      "m04": 1.381550589485414e-7,
      "m05": 8.7419226701968e-7,
      "m06": -1.0000007152557373,
      "m07": 0,
      "m08": 0.9190519452095032,
      "m09": -0.39413541555404663,
      "m10": -2.1757860224624892e-7,
      "m11": 0,
      "m12": -177.58175659179688,
      "m13": 92.2437744140625,
      "m14": -20.306917190551758,
      "m15": 1
    },
    {
      "__type__": "cc.Mat4",
      "m00": -1,
      "m01": 1.759530050549074e-7,
      "m02": 8.742154022911564e-8,
      "m03": 0,
      "m04": 1.759529908440527e-7,
      "m05": 1,
      "m06": -1.1643054576015999e-10,
      "m07": 0,
      "m08": -8.742154022911564e-8,
      "m09": -1.1641516917126893e-10,
      "m10": -1,
      "m11": 0,
      "m12": 126.97582244873047,
      "m13": 20.30695152282715,
      "m14": 6.168812274932861,
      "m15": 1
    },
    {
      "__type__": "cc.Mat4",
      "m00": 0.29087328910827637,
      "m01": -0.9567615985870361,
      "m02": 0.000001099088763112377,
      "m03": 0,
      "m04": -1.8999064366198581e-7,
      "m05": -0.0000012065196415278479,
      "m06": -1.000000238418579,
      "m07": 0,
      "m08": 0.9567618370056152,
      "m09": 0.2908732295036316,
      "m10": -5.327200938154419e-7,
      "m11": 0,
      "m12": -192.37832641601562,
      "m13": 107.9966049194336,
      "m14": -22.230533599853516,
      "m15": 1
    },
    {
      "__type__": "cc.Mat4",
      "m00": 1,
      "m01": 0,
      "m02": 0,
      "m03": 0,
      "m04": 0,
      "m05": 1,
      "m06": 0,
      "m07": 0,
      "m08": 0,
      "m09": 0,
      "m10": 1,
      "m11": 0,
      "m12": -126.97579956054688,
      "m13": 20.306974411010742,
      "m14": -6.1688232421875,
      "m15": 1
    },
    {
      "__type__": "cc.Mat4",
      "m00": 0.02885334938764572,
      "m01": -0.8812509775161743,
      "m02": 0.4717654883861542,
      "m03": 0,
      "m04": 0.8431629538536072,
      "m05": 0.2749509811401367,
      "m06": 0.4620368182659149,
      "m07": 0,
      "m08": -0.5368834733963013,
      "m09": 0.38444364070892334,
      "m10": 0.7509717345237732,
      "m11": 0,
      "m12": -72.10784149169922,
      "m13": 34.507022857666016,
      "m14": -71.92211151123047,
      "m15": 1
    },
    {
      "__type__": "cc.Mat4",
      "m00": -0.6513241529464722,
      "m01": -0.49828198552131653,
      "m02": 0.5722689628601074,
      "m03": 0,
      "m04": 0.711920976638794,
      "m05": -0.6622577905654907,
      "m06": 0.23363062739372253,
      "m07": 0,
      "m08": 0.2625759243965149,
      "m09": 0.5595794916152954,
      "m10": 0.7860813736915588,
      "m11": 0,
      "m12": 0.13176584243774414,
      "m13": 88.21106719970703,
      "m14": -49.962162017822266,
      "m15": 1
    },
    {
      "__type__": "cc.Mat4",
      "m00": 0.9654112458229065,
      "m01": -0.2607317864894867,
      "m02": 1.139694827401172e-8,
      "m03": 0,
      "m04": 1.5965217788261425e-17,
      "m05": -4.371138828673793e-8,
      "m06": -1,
      "m07": 0,
      "m08": 0.2607317864894867,
      "m09": 0.9654112458229065,
      "m10": -4.219946703187816e-8,
      "m11": 0,
      "m12": -205.11534118652344,
      "m13": 160.5847930908203,
      "m14": -20.306976318359375,
      "m15": 1
    },
    {
      "__type__": "cc.Mat4",
      "m00": -0.5796666145324707,
      "m01": 0.814853847026825,
      "m02": -0.0000011655730531856534,
      "m03": 0,
      "m04": 6.549021236423869e-7,
      "m05": -9.6452663456148e-7,
      "m06": -1,
      "m07": 0,
      "m08": -0.814853847026825,
      "m09": -0.5796666145324707,
      "m10": 2.545436394996159e-8,
      "m11": 0,
      "m12": -162.2917022705078,
      "m13": 57.589778900146484,
      "m14": -20.307003021240234,
      "m15": 1
    },
    {
      "__type__": "cc.Mat4",
      "m00": -1,
      "m01": -0.000005684427378582768,
      "m02": -8.748612145836887e-8,
      "m03": 0,
      "m04": -0.00000568442828807747,
      "m05": 0.9999998807907104,
      "m06": 2.3233358292795714e-10,
      "m07": 0,
      "m08": 8.748612145836887e-8,
      "m09": 2.3283086569847455e-10,
      "m10": -1,
      "m11": 0,
      "m12": -111.35589599609375,
      "m13": 20.306425094604492,
      "m14": 6.168840408325195,
      "m15": 1
    },
    {
      "__type__": "cc.Mat4",
      "m00": -0.9999998807907104,
      "m01": 0.00000227172290578892,
      "m02": -8.847563037761574e-8,
      "m03": 0,
      "m04": 0.0000022717226784152444,
      "m05": 1,
      "m06": 4.658623486974989e-10,
      "m07": 0,
      "m08": 8.847562327218839e-8,
      "m09": 4.656613428188905e-10,
      "m10": -1,
      "m11": 0,
      "m12": -334.1956787109375,
      "m13": 20.309072494506836,
      "m14": 6.168869972229004,
      "m15": 1
    },
    {
      "__type__": "cc.Mat4",
      "m00": 0.7244871854782104,
      "m01": -0.683135449886322,
      "m02": 0.09189648181200027,
      "m03": 0,
      "m04": 0.6846272945404053,
      "m05": 0.7286425232887268,
      "m06": 0.01913549192249775,
      "m07": 0,
      "m08": -0.0800318568944931,
      "m09": 0.04905138164758682,
      "m10": 0.9955848455429077,
      "m11": 0,
      "m12": -173.23602294921875,
      "m13": 115.66280364990234,
      "m14": -54.128787994384766,
      "m15": 1
    },
    {
      "__type__": "cc.Mat4",
      "m00": -0.346099853515625,
      "m01": -0.6157461404800415,
      "m02": 0.7078636884689331,
      "m03": 0,
      "m04": 0.9381934404373169,
      "m05": -0.22939518094062805,
      "m06": 0.25917312502861023,
      "m07": 0,
      "m08": 0.0027956622652709484,
      "m09": 0.753812849521637,
      "m10": 0.657082736492157,
      "m11": 0,
      "m12": -41.25153732299805,
      "m13": 64.94224548339844,
      "m14": -51.10377883911133,
      "m15": 1
    },
    {
      "__type__": "cc.Mat4",
      "m00": -0.5459538102149963,
      "m01": 0.8205462694168091,
      "m02": 0.169226735830307,
      "m03": 0,
      "m04": -0.44904813170433044,
      "m05": -0.11606346070766449,
      "m06": -0.8859369158744812,
      "m07": 0,
      "m08": -0.7073111534118652,
      "m09": -0.5596719980239868,
      "m10": 0.43183019757270813,
      "m11": 0,
      "m12": -106.50350952148438,