{
  "__type__": "cc.Skeleton",
  "_name": "Skin-0",
  "_objFlags": 0,
  "_native": "",
  "_joints": [
    "Bip01/Bone_head",
    "Bip01/Bone_spin01",
    "Bip01/Bone_spin01/Bone_q1",
    "Bip01/Bone_spin01/Bone_spin02",
    "Bip01/Bone_spin01/Bone_spin02/Bone_spin03/Bone_spin04/Bone_spin05",
    "Bip01/Bone_spin01/Bone_spin02/Bone_spin03/Bone_spin04",
    "Bip01/Bone_spin01/Bone_spin02/Bone_spin03",
    "Bip01/Bone_spin01/Bone_spin02/Bone_q2",
    "Bip01/Bone_spin01/Bone_L/Bone_L2",
    "Bip01/Bone_spin01/Bone_L",
    "Bip01/Bone_head/Bone_meimao_L",
    "Bip01/Bone_spin01/Bone_R/Bone_R2",
    "Bip01/Bone_spin01/Bone_R",
    "Bip01/Bone_head/Bone_meimao_R",
    "Bip01/Bone_head/Bone_yanpi_R",
    "Bip01/Bone_head/Bone_eye_R",
    "Bip01/Bone_head/Bone_yanpi_L",
    "Bip01/Bone_head/Bone_eye_L"
  ],
  "_bindposes": [
    {
      "__type__": "cc.Mat4",
      "m00": -3.2274577617645264,
      "m01": -0.7896971702575684,
      "m02": -0.000004682266535382951,
      "m03": 0,
      "m04": -0.0000043987470235151704,
      "m05": -0.000001723235982353799,
      "m06": 3.3226654529571533,
      "m07": 0,
      "m08": -0.7896971702575684,
      "m09": 3.2274577617645264,
      "m10": 6.284092251007678e-7,
      "m11": 0,
      "m12": -109.20262145996094,
      "m13": -29.153480529785156,
      "m14": -0.000135560825583525,
      "m15": 1
    },
    {
      "__type__": "cc.Mat4",
      "m00": 3.3226609230041504,
      "m01": 0.005565389059484005,
      "m02": -0.000005257053089735564,
      "m03": 0,
      "m04": 0.000005254812549537746,
      "m05": 0.0000013423177733784541,
      "m06": 3.3226654529571533,
      "m07": 0,
      "m08": 0.005565389059484005,
      "m09": -3.3226609230041504,
      "m10": 0.0000013335142057258054,
      "m11": 0,
      "m12": 109.21580505371094,
      "m13": 2.5468921661376953,
      "m14": -0.00015494685794692487,
      "m15": 1
    },
    {
      "__type__": "cc.Mat4",
      "m00": 2.579911708831787,
      "m01": 2.093839168548584,
      "m02": -0.000003394533678147127,
      "m03": 0,
      "m04": 0.0000016571743799431715,
      "m05": 0.0000033448304748162627,
      "m06": 3.3226654529571533,
      "m07": 0,
      "m08": 2.093839168548584,
      "m09": -2.579911708831787,
      "m10": 0.0000015528227095273905,
      "m11": 0,
      "m12": -78.72834014892578,
      "m13": 96.25452423095703,
      "m14": -0.00017104879952967167,
      "m15": 1
    },
    {
      "__type__": "cc.Mat4",
      "m00": 3.3226611614227295,
      "m01": 0.0055648875422775745,
      "m02": -0.000004967063432559371,
      "m03": 0,
      "m04": 0.000004964336312696105,
      "m05": 0.0000016327936691595824,
      "m06": 3.3226654529571533,
      "m07": 0,
      "m08": 0.0055648875422775745,
      "m09": -3.3226611614227295,
      "m10": 0.0000016244769085460575,
      "m11": 0,
      "m12": -36.45850372314453,
      "m13": 2.5468976497650146,
      "m14": -0.00015859524137340486,
      "m15": 1
    },
    {
      "__type__": "cc.Mat4",
      "m00": 3.3226606845855713,
      "m01": 0.005563382059335709,
      "m02": -0.000003306236294520204,
      "m03": 0,
      "m04": 0.000003300721573396004,
      "m05": 0.000003296406475783442,
      "m06": 3.3226654529571533,
      "m07": 0,
      "m08": 0.005563382059335709,
      "m09": -3.3226606845855713,
      "m10": 0.00000329087538375461,
      "m11": 0,
      "m12": -366.672119140625,
      "m13": 2.5469970703125,
      "m14": -0.00022992650337982923,
      "m15": 1
    },
    {
      "__type__": "cc.Mat4",
      "m00": 3.3226611614227295,
      "m01": 0.005563884042203426,
      "m02": -0.0000028040421966579743,
      "m03": 0,
      "m04": 0.0000027990129183308454,
      "m05": 0.0000030059306936891517,
      "m06": 3.3226654529571533,
      "m07": 0,
      "m08": 0.005563884042203426,
      "m09": -3.3226611614227295,
      "m10": 0.000003001239065270056,
      "m11": 0,
      "m12": -280.5708923339844,
      "m13": 2.5469424724578857,
      "m14": -0.0002850698074325919,
      "m15": 1
    },
    {
      "__type__": "cc.Mat4",
      "m00": 3.3226606845855713,
      "m01": 0.005563593003898859,
      "m02": -0.0000030927055831853068,
      "m03": 0,
      "m04": 0.0000030894893825461622,
      "m05": 0.000001923268200698658,
      "m06": 3.3226654529571533,
      "m07": 0,
      "m08": 0.005563593003898859,
      "m09": -3.3226606845855713,
      "m10": 0.0000019180924937245436,
      "m11": 0,
      "m12": -178.3846435546875,
      "m13": 2.546966791152954,
      "m14": -0.00025971163995563984,
      "m15": 1
    },
    {
      "__type__": "cc.Mat4",
      "m00": 2.794955253601074,
      "m01": 1.7967545986175537,
      "m02": -0.000004689407887781272,
      "m03": 0,
      "m04": 0.000003801448883677949,
      "m05": 0.000002758556320259231,
      "m06": 3.3226654529571533,
      "m07": 0,
      "m08": 1.7967545986175537,
      "m09": -2.794955253601074,
      "m10": 2.6477860615159443e-7,
      "m11": 0,
      "m12": -182.41143798828125,
      "m13": -14.403101921081543,
      "m14": -0.00013666064478456974,
      "m15": 1
    },
    {
      "__type__": "cc.Mat4",
      "m00": 2.4412801265716553,
      "m01": 1.7409329414367676,
      "m02": 1.4315757751464844,
      "m03": 0,
      "m04": -1.501770257949829,
      "m05": 2.8300633430480957,
      "m06": -0.8806438446044922,
      "m07": 0,
      "m08": -1.6807557344436646,
      "m09": 9.902314701548676e-8,
      "m10": 2.8662118911743164,
      "m11": 0,
      "m12": -157.30674743652344,
      "m13": 97.09336853027344,
      "m14": 50.1970100402832,
      "m15": 1
    },
    {
      "__type__": "cc.Mat4",
      "m00": 2.4412806034088135,
      "m01": 1.7409330606460571,
      "m02": 1.4315751791000366,
      "m03": 0,
      "m04": -1.5017706155776978,
      "m05": 2.8300631046295166,
      "m06": -0.8806438446044922,
      "m07": 0,
      "m08": -1.6807557344436646,
      "m09": 3.902381138232158e-7,
      "m10": 2.8662118911743164,
      "m11": 0,
      "m12": -69.48441314697266,
      "m13": 97.09333801269531,
      "m14": 50.197017669677734,
      "m15": 1
    },
    {
      "__type__": "cc.Mat4",
      "m00": -0.8599691987037659,
      "m01": 0.000005279699962557061,
      "m02": 3.2094478607177734,
      "m03": 0,
      "m04": -2.344862508607548e-7,
      "m05": -3.3226654529571533,
      "m06": 0.0000054031165745982435,
      "m07": 0,
      "m08": 3.2094478607177734,
      "m09": 0.0000011719336043825024,
      "m10": 0.8599691987037659,
      "m11": 0,
      "m12": -144.23980712890625,
      "m13": -56.99985885620117,
      "m14": 236.9415740966797,
      "m15": 1
    },
    {
      "__type__": "cc.Mat4",
      "m00": 2.441277265548706,
      "m01": -1.7409414052963257,
      "m02": 1.431571125984192,
      "m03": 0,
      "m04": 1.501778483390808,
      "m05": 2.8300585746765137,
      "m06": 0.8806460499763489,
      "m07": 0,
      "m08": -1.68075430393219,
      "m09": 5.198716621634958e-7,
      "m10": 2.866211414337158,
      "m11": 0,
      "m12": -150.98968505859375,
      "m13": -97.09362030029297,
      "m14": 50.196937561035156,
      "m15": 1
    },
    {
      "__type__": "cc.Mat4",
      "m00": 2.441277265548706,
      "m01": -1.7409411668777466,
      "m02": 1.4315714836120605,
      "m03": 0,
      "m04": 1.501778483390808,
      "m05": 2.8300583362579346,
      "m06": 0.8806461691856384,
      "m07": 0,
      "m08": -1.68075430393219,
      "m09": 5.459290832732222e-7,
      "m10": 2.8662121295928955,
      "m11": 0,
      "m12": -69.48453521728516,
      "m13": -97.09359741210938,
      "m14": 50.19696044921875,
      "m15": 1
    },
    {
      "__type__": "cc.Mat4",
      "m00": -0.8599703311920166,
      "m01": 0.0000031894260246190242,
      "m02": 3.2094478607177734,
      "m03": 0,
      "m04": -0.000003984181603300385,
      "m05": -3.3226654529571533,
      "m06": 0.0000022343770069710445,
      "m07": 0,
      "m08": 3.2094478607177734,
      "m09": -0.0000032701236705179326,
      "m10": 0.8599703311920166,