{
  "__version__": "1.0.0",
  "current-scene": "",
  "gizmos-infos": {
    "gridColor": [
      150,
      150,
      150,
      255
    ],
    "gridVisible": true,
    "iconGizmoSize": 2,
    "iconSize": 2,
    "is2D": false,
    "is3DIcon": false,
    "isGridVisible": true,
    "isIconGizmo3D": false
  },
  "float-window": {
    "position": {
      "cc": {
        "Camera": {
          "bottom": 10,
          "dock": false,
          "left": null,
          "right": 10,
          "top": null
        }
      }
    }
  },
  "camera-infos": {
    "f46876e4-e81b-4931-b493-6d367be385e7": {
      "position": {
        "x": -6349.446062315776,
        "y": 4549.7413458478295,
        "z": -1059.3760177156023
      },
      "rotation": {
        "w": 0.6179877272702535,
        "x": -0.2155306183476958,
        "y": -0.7138955588372183,
        "z": -0.24897962280175165
      },
      "viewCenter": {
        "x": -250.49835717315955,
        "y": -344.02149603010184,
        "z": -176.43717266400336
      }
    }
  },
  "camera-uuids": [
    "f46876e4-e81b-4931-b493-6d367be385e7"
  ]
}
