{
  "gizmos-infos": {
    "is2D": false,
    "is3DIcon": false,
    "iconSize": 2,
    "gridVisible": true,
    "gridColor": [
      150,
      150,
      150,
      255
    ],
    "isIconGizmo3D": false,
    "iconGizmoSize": 2,
    "isGridVisible": true
  },
  "float-window": {
    "position": {
      "cc": {
        "Camera": {
          "dock": false,
          "top": null,
          "bottom": 10,
          "left": null,
          "right": 10
        }
      }
    }
  },
  "camera-infos": {
    "f46876e4-e81b-4931-b493-6d367be385e7": {
      "position": {
        "x": 50,
        "y": 50,
        "z": 50
      },
      "rotation": {
        "x": -0.27984814233312133,
        "y": 0.3647051996310009,
        "z": 0.11591689595929514,
        "w": 0.8804762392171493
      },
      "viewCenter": {
        "x": 0,
        "y": 0,
        "z": 0
      }
    },
    "b67d5e2d-0c72-4471-9ce2-73e676951a27": {
      "position": {
        "x": -0.27636506809389216,
        "y": 0.40642295912490434,
        "z": 0.6815393765804119
      },
      "rotation": {
        "x": -0.007022802265322128,
        "y": 0.9855660325687956,
        "z": 0.16378141266259602,
        "w": 0.04226020067617467
      },
      "viewCenter": {
        "x": -0.25935102696283757,
        "y": 0.4743590284042096,
        "z": 0.483508724301009
      }
    }
  },
  "camera-uuids": [
    "b67d5e2d-0c72-4471-9ce2-73e676951a27"
  ]
}
