{
  "__type__": "cc.Skeleton",
  "_name": "Skin-0",
  "_objFlags": 0,
  "_native": "",
  "_joints": [
    "Bip01/Bone006",
    "Bip01/Bone003",
    "Bip01/Bone006/Bone007/Bone011",
    "Bip01/Bone006/Bone016(mirrored)(mirrored)(mirrored)",
    "Bip01/Bone006/Bone007",
    "Bip01/Bone006/Bone007/Bone009",
    "Bip01/Bone003/Bone021",
    "Bip01/Bone003/Bone004",
    "Bip01/Bone006/Bone007/Bone020(mirrored)",
    "Bip01/Bone006/Bone017",
    "Bip01/Bone006/Bone016(mirrored)(mirrored)(mirrored)(mirrored)",
    "Bip01/Bone006/Bone007/Bone020",
    "Bip01/Bone006/Bone015",
    "Bip01/Bone006/Bone017(mirrored)",
    "Bip01/Bone003/Bone021(mirrored)",
    "Bip01/Bone006/Bone015(mirrored)",
    "Bip01/Bone006/Bone013(mirrored)(mirrored)",
    "Bip01/Bone006/Bone013(mirrored)"
  ],
  "_bindposes": [
    {
      "__type__": "cc.Mat4",
      "m00": 0.9945858120918274,
      "m01": 0.10391764342784882,
      "m02": 8.271881313248741e-8,
      "m03": 0,
      "m04": -7.714685779092179e-8,
      "m05": -5.763821064874719e-8,
      "m06": 1,
      "m07": 0,
      "m08": 0.10391764342784882,
      "m09": -0.9945858120918274,
      "m10": -4.9309235805594653e-8,
      "m11": 0,
      "m12": -32.85251235961914,
      "m13": 4.294312000274658,
      "m14": -0.00000958100372372428,
      "m15": 1
    },
    {
      "__type__": "cc.Mat4",
      "m00": -0.9888123869895935,
      "m01": -0.14916473627090454,
      "m02": 1.1838474023306844e-7,
      "m03": 0,
      "m04": 8.082782443352698e-8,
      "m05": 2.578437374722853e-7,
      "m06": 1,
      "m07": 0,
      "m08": -0.14916473627090454,
      "m09": 0.9888123869895935,
      "m10": -2.4290241640301247e-7,
      "m11": 0,
      "m12": 32.95887756347656,
      "m13": -2.9531092643737793,
      "m14": -0.000011123815056635067,
      "m15": 1
    },
    {
      "__type__": "cc.Mat4",
      "m00": 0.9244385361671448,
      "m01": 0.38133132457733154,
      "m02": 1.604471755456416e-8,
      "m03": 0,
      "m04": -5.7665300090548044e-8,
      "m05": 9.771898135113588e-8,
      "m06": 1,
      "m07": 0,
      "m08": 0.38133132457733154,
      "m09": -0.9244385361671448,
      "m10": 1.1232475571887335e-7,
      "m11": 0,
      "m12": -251.22970581054688,
      "m13": -129.45376586914062,
      "m14": 0.00003403424852876924,
      "m15": 1
    },
    {
      "__type__": "cc.Mat4",
      "m00": 0.6962765455245972,
      "m01": -0.7133815288543701,
      "m02": 0.07928216457366943,
      "m03": 0,
      "m04": -0.7012338638305664,
      "m05": -0.6996453404426575,
      "m06": -0.13699407875537872,
      "m07": 0,
      "m08": 0.15319842100143433,
      "m09": 0.03979043290019035,
      "m10": -0.9873940348625183,
      "m11": 0,
      "m12": 205.55397033691406,
      "m13": 307.1702880859375,
      "m14": 4.561065673828125,
      "m15": 1
    },
    {
      "__type__": "cc.Mat4",
      "m00": 0.9967909455299377,
      "m01": 0.08004636317491531,
      "m02": 8.271880602706005e-8,
      "m03": 0,
      "m04": -7.850633210182423e-8,
      "m05": -5.577233963549588e-8,
      "m06": 1,
      "m07": 0,
      "m08": 0.08004636317491531,
      "m09": -0.9967909455299377,
      "m10": -4.9309235805594653e-8,
      "m11": 0,
      "m12": -264.0661926269531,
      "m13": 10.627208709716797,
      "m14": 0.000011399829418223817,
      "m15": 1
    },
    {
      "__type__": "cc.Mat4",
      "m00": 0.9961935877799988,
      "m01": -0.08716733753681183,
      "m02": 1.774292286427226e-7,
      "m03": 0,
      "m04": -1.7412486386092496e-7,
      "m05": 4.551161580934604e-8,
      "m06": 1,
      "m07": 0,
      "m08": -0.08716733753681183,
      "m09": -0.9961935877799988,
      "m10": 3.01603861885269e-8,
      "m11": 0,
      "m12": -261.45159912109375,
      "m13": 123.20197296142578,
      "m14": -0.000018412958525004797,
      "m15": 1
    },
    {
      "__type__": "cc.Mat4",
      "m00": -0.39334866404533386,
      "m01": -0.15080229938030243,
      "m02": 0.9069375395774841,
      "m03": 0,
      "m04": 0.8475624918937683,
      "m05": -0.4417167901992798,
      "m06": 0.2941500246524811,
      "m07": 0,
      "m08": 0.35625094175338745,
      "m09": 0.8843896985054016,
      "m10": 0.3015630841255188,
      "m11": 0,
      "m12": -266.9877624511719,
      "m13": 71.8665771484375,
      "m14": -13.306756973266602,
      "m15": 1
    },
    {
      "__type__": "cc.Mat4",
      "m00": -0.9951356053352356,
      "m01": -0.09851343184709549,
      "m02": 5.637416577997101e-8,
      "m03": 0,
      "m04": 3.156604222454007e-8,
      "m05": 2.533833480811154e-7,
      "m06": 1,
      "m07": 0,
      "m08": -0.09851343184709549,
      "m09": 0.9951356053352356,
      "m10": -2.4904116457946657e-7,
      "m11": 0,
      "m12": -311.9775085449219,
      "m13": 12.983345985412598,
      "m14": -0.000011575491043913644,
      "m15": 1
    },
    {
      "__type__": "cc.Mat4",
      "m00": 0.987328052520752,
      "m01": -0.13875968754291534,
      "m02": 0.07700029760599136,
      "m03": 0,
      "m04": -0.13917289674282074,
      "m05": -0.9902681112289429,
      "m06": 2.5239100409635284e-7,
      "m07": 0,
      "m08": 0.07625090330839157,
      "m09": -0.010716604068875313,
      "m10": -0.997031033039093,
      "m11": 0,
      "m12": -263.0968933105469,
      "m13": 97.67501831054688,
      "m14": 6.273011684417725,
      "m15": 1
    },
    {
      "__type__": "cc.Mat4",
      "m00": -0.22074027359485626,
      "m01": -0.7586008310317993,
      "m02": -0.6130242943763733,
      "m03": 0,
      "m04": -0.4748908579349518,
      "m05": 0.6325880289077759,
      "m06": -0.6118098497390747,
      "m07": 0,
      "m08": 0.851911187171936,
      "m09": 0.15606853365898132,
      "m10": -0.49989017844200134,
      "m11": 0,
      "m12": -16.249330520629883,
      "m13": -4.700105667114258,
      "m14": 279.0790710449219,
      "m15": 1
    },
    {
      "__type__": "cc.Mat4",
      "m00": 0.6962763667106628,
      "m01": -0.7133815288543701,
      "m02": -0.07928226888179779,
      "m03": 0,
      "m04": 0.7012340426445007,
      "m05": 0.6996450424194336,
      "m06": -0.13699407875537872,
      "m07": 0,
      "m08": 0.1531985104084015,
      "m09": 0.0397903174161911,
      "m10": 0.9873939156532288,
      "m11": 0,
      "m12": 204.29246520996094,
      "m13": 305.91143798828125,
      "m14": -4.314636707305908,
      "m15": 1
    },
    {
      "__type__": "cc.Mat4",
      "m00": 0.9873278141021729,
      "m01": 0.1387600153684616,
      "m02": 0.07700014114379883,
      "m03": 0,
      "m04": 0.13917317986488342,
      "m05": -0.9902680516242981,
      "m06": -4.2580687420468166e-8,
      "m07": 0,
      "m08": 0.07625076174736023,
      "m09": 0.010716399177908897,
      "m10": -0.997031033039093,
      "m11": 0,
      "m12": -263.0863952636719,
      "m13": -97.7491455078125,
      "m14": 6.27307653427124,
      "m15": 1
    },
    {
      "__type__": "cc.Mat4",
      "m00": 0.5869266390800476,
      "m01": -0.7933494448661804,
      "m02": -0.1615978181362152,
      "m03": 0,
      "m04": 0.7550299167633057,
      "m05": 0.6083863377571106,
      "m06": -0.24453231692314148,
      "m07": 0,
      "m08": 0.29231351613998413,
      "m09": 0.021511349827051163,
      "m10": 0.9560805559158325,
      "m11": 0,
      "m12": -266.5908508300781,
      "m13": 25.746999740600586,
      "m14": -80.23500061035156,
      "m15": 1
    },
    {
      "__type__": "cc.Mat4",
      "m00": -0.3117649555206299,
      "m01": 0.24561896920204163,
      "m02": -0.9178639650344849,
      "m03": 0,
      "m04": 0.5573344826698303,
      "m05": 0.8296433091163635,
      "m06": 0.03270510956645012,
      "m07": 0,
      "m08": 0.7695325613021851,
      "m09": -0.5013607740402222,
      "m10": -0.39554598927497864,
      "m11": 0,
      "m12": 25.051311492919922,
      "m13": 174.7087860107422,
      "m14": 216.84225463867188,
      "m15": 1
    },
    {
      "__type__": "cc.Mat4",
      "m00": -0.39717525243759155,
      "m01": 0.14041480422019958,