{
  "__type__": "cc.Skeleton",
  "_name": "Skin-0",
  "_objFlags": 0,
  "_native": "",
  "_joints": [
    "Bip01/boody",
    "Bip01/bozi",
    "Bip01/bozi/tou",
    "Bip01/l1",
    "Bip01/weiba1",
    "Bip01/weiba1/weiba2",
    "Bip01/l4",
    "Bip01/l4/l5",
    "Bip01/l4/l5/l6",
    "Bip01/l1/l2",
    "Bip01/l1/l2/l3",
    "Bip01/r4",
    "Bip01/r1",
    "Bip01/r4/r5",
    "Bip01/r4/r5/r6",
    "Bip01/r1/r2",
    "Bip01/r1/r2/r3",
    "Bip01/bozi/tou/meimao_l",
    "Bip01/bozi/tou/meimao_r",
    "Bip01/bozi/tou/eye_r",
    "Bip01/bozi/tou/yanpi_r",
    "Bip01/bozi/tou/yanpi_l",
    "Bip01/bozi/tou/eye_l"
  ],
  "_bindposes": [
    {
      "__type__": "cc.Mat4",
      "m00": -3.25802801626196e-7,
      "m01": 1.7441836064335803e-7,
      "m02": 1,
      "m03": 0,
      "m04": -0.9998816847801208,
      "m05": 0.015382788144052029,
      "m06": -3.2844729958014796e-7,
      "m07": 0,
      "m08": -0.015382788144052029,
      "m09": -0.9998816847801208,
      "m10": 1.6938597013904655e-7,
      "m11": 0,
      "m12": -60.38499069213867,
      "m13": 120.34928894042969,
      "m14": 0.00007789260416757315,
      "m15": 1
    },
    {
      "__type__": "cc.Mat4",
      "m00": -2.670824983397324e-8,
      "m01": -1,
      "m02": -1.7069559987703542e-7,
      "m03": 0,
      "m04": 0.9601519703865051,
      "m05": -7.334971030559245e-8,
      "m06": 0.27947840094566345,
      "m07": 0,
      "m08": -0.27947840094566345,
      "m09": -1.5642933703929884e-7,
      "m10": 0.9601519703865051,
      "m11": 0,
      "m12": -110.35084533691406,
      "m13": -0.00010393191041657701,
      "m14": -100.39457702636719,
      "m15": 1
    },
    {
      "__type__": "cc.Mat4",
      "m00": -6.900285853816968e-8,
      "m01": -1,
      "m02": -1.5839484035495843e-7,
      "m03": 0,
      "m04": 0.9996188282966614,
      "m05": -7.334971030559245e-8,
      "m06": 0.027609186246991158,
      "m07": 0,
      "m08": -0.027609186246991158,
      "m09": -1.5642933703929884e-7,
      "m10": 0.9996188282966614,
      "m11": 0,
      "m12": -243.10733032226562,
      "m13": -0.00010393191769253463,
      "m14": -40.22914123535156,
      "m15": 1
    },
    {
      "__type__": "cc.Mat4",
      "m00": -0.8516927361488342,
      "m01": -0.0010881598573178053,
      "m02": -0.5240406394004822,
      "m03": 0,
      "m04": 0.1403520256280899,
      "m05": -0.9639389514923096,
      "m06": -0.22610431909561157,
      "m07": 0,
      "m08": -0.5048971772193909,
      "m09": -0.2661215364933014,
      "m10": 0.8211323618888855,
      "m11": 0,
      "m12": -151.541015625,
      "m13": 111.136474609375,
      "m14": -57.16104507446289,
      "m15": 1
    },
    {
      "__type__": "cc.Mat4",
      "m00": 0.014196421951055527,
      "m01": 0.9998887181282043,
      "m02": -0.004602003842592239,
      "m03": 0,
      "m04": -0.9511615633964539,
      "m05": 0.014923701994121075,
      "m06": 0.30833253264427185,
      "m07": 0,
      "m08": 0.3083668053150177,
      "m09": 3.073365206773815e-8,
      "m10": 0.951267659664154,
      "m11": 0,
      "m12": -354.2470703125,
      "m13": 7.10007381439209,
      "m14": 70.87144470214844,
      "m15": 1
    },
    {
      "__type__": "cc.Mat4",
      "m00": 0.01114013884216547,
      "m01": 0.9998887777328491,
      "m02": -0.009930381551384926,
      "m03": 0,
      "m04": -0.7463911771774292,
      "m05": 0.014923647977411747,
      "m06": 0.6653400659561157,
      "m07": 0,
      "m08": 0.6654139757156372,
      "m09": -3.1897812391434854e-8,
      "m10": 0.7464745044708252,
      "m11": 0,
      "m12": -366.9247741699219,
      "m13": 7.1000542640686035,
      "m14": 238.9065399169922,
      "m15": 1
    },
    {
      "__type__": "cc.Mat4",
      "m00": -0.6299141645431519,
      "m01": 0.6838614344596863,
      "m02": -0.3681599497795105,
      "m03": 0,
      "m04": -0.6894938945770264,
      "m05": -0.7105892300605774,
      "m06": -0.14021818339824677,
      "m07": 0,
      "m08": -0.3575003445148468,
      "m09": 0.1655185967683792,
      "m10": 0.9191284775733948,
      "m11": 0,
      "m12": -273.41729736328125,
      "m13": -112.97936248779297,
      "m14": -91.62586975097656,
      "m15": 1
    },
    {
      "__type__": "cc.Mat4",
      "m00": -0.36598095297813416,
      "m01": 0.8547024130821228,
      "m02": -0.3681600093841553,
      "m03": 0,
      "m04": -0.8869004249572754,
      "m05": -0.44016656279563904,
      "m06": -0.1402183473110199,
      "m07": 0,
      "m08": -0.2818966507911682,
      "m09": 0.27520397305488586,
      "m10": 0.9191285371780396,
      "m11": 0,
      "m12": -403.3582458496094,
      "m13": 22.753768920898438,
      "m14": -91.62593078613281,
      "m15": 1
    },
    {
      "__type__": "cc.Mat4",
      "m00": 0.10506132245063782,
      "m01": 0.9238075613975525,
      "m02": -0.3681599497795105,
      "m03": 0,
      "m04": -0.9885050058364868,
      "m05": 0.0565386638045311,
      "m06": -0.14021842181682587,
      "m07": 0,
      "m08": -0.10871955752372742,
      "m09": 0.3786594867706299,
      "m10": 0.9191284775733948,
      "m11": 0,
      "m12": -432.5939636230469,
      "m13": 272.62017822265625,
      "m14": -91.62594604492188,
      "m15": 1
    },
    {
      "__type__": "cc.Mat4",
      "m00": -0.7062217593193054,
      "m01": 0.503162682056427,
      "m02": -0.4980746805667877,
      "m03": 0,
      "m04": -0.4633711278438568,
      "m05": -0.86039137840271,
      "m06": -0.21216516196727753,
      "m07": 0,
      "m08": -0.5352926850318909,
      "m09": 0.08095775544643402,
      "m10": 0.840778112411499,
      "m11": 0,
      "m12": -202.8059539794922,
      "m13": 284.720703125,
      "m14": -49.27222442626953,
      "m15": 1
    },
    {
      "__type__": "cc.Mat4",
      "m00": -0.5802234411239624,
      "m01": 0.6444087624549866,
      "m02": -0.4980746805667877,
      "m03": 0,
      "m04": -0.6390161514282227,
      "m05": -0.739354133605957,
      "m06": -0.21216514706611633,
      "m07": 0,
      "m08": -0.5049746036529541,
      "m09": 0.19517455995082855,
      "m10": 0.840778112411499,
      "m11": 0,
      "m12": -369.450439453125,
      "m13": 373.78717041015625,
      "m14": -49.27222442626953,
      "m15": 1
    },
    {
      "__type__": "cc.Mat4",
      "m00": 0.629913866519928,
      "m01": 0.6838616728782654,
      "m02": 0.36815953254699707,
      "m03": 0,
      "m04": -0.6894940137863159,
      "m05": 0.7105889320373535,
      "m06": -0.1402178704738617,
      "m07": 0,
      "m08": -0.3574996292591095,
      "m09": -0.1655186414718628,
      "m10": 0.9191287755966187,
      "m11": 0,
      "m12": -273.4171447753906,
      "m13": 112.97943115234375,
      "m14": -91.6256103515625,
      "m15": 1
    },
    {
      "__type__": "cc.Mat4",
      "m00": 0.8516923785209656,
      "m01": -0.0010879801120609045,
      "m02": 0.5240407586097717,
      "m03": 0,
      "m04": 0.1403517872095108,
      "m05": 0.9639390110969543,
      "m06": -0.22610421478748322,
      "m07": 0,
      "m08": -0.5048972368240356,
      "m09": 0.26612135767936707,
      "m10": 0.8211321830749512,
      "m11": 0,
      "m12": -151.54074096679688,
      "m13": -111.13651275634766,
      "m14": -57.16095733642578,
      "m15": 1
    },
    {
      "__type__": "cc.Mat4",
      "m00": 0.3659812808036804,
      "m01": 0.8547022938728333,
      "m02": 0.36815959215164185,
      "m03": 0,
      "m04": -0.8869004249572754,
      "m05": 0.44016656279563904,
      "m06": -0.14021773636341095,
      "m07": 0,
      "m08": -0.28189602494239807,
      "m09": -0.2752038240432739,
      "m10": 0.9191285371780396,
      "m11": 0,
      "m12": -403.358154296875,
      "m13": -22.753494262695312,
      "m14": -91.62560272216797,
      "m15": 1
    },
    {
      "__type__": "cc.Mat4",
      "m00": -0.10506116598844528,
      "m01": 0.9238077998161316,
      "m02": 0.36815977096557617,
      "m03": 0,
      "m04": -0.9885048270225525,
      "m05": -0.05653876066207886,
      "m06": -0.14021794497966766,