{
  "__type__": "cc.Skeleton",
  "_name": "Skin-0",
  "_objFlags": 0,
  "_native": "",
  "_joints": [
    "Bip01/Bone002",
    "Bip01/Bone_head",
    "Bip01/Bone002/Bone01",
    "Bip01/Bone_head/Bone027",
    "Bip01/Bone_head/Bone009(mirrored)",
    "Bip01/Bone_head/Bone021(mirrored)",
    "Bip01/Bone002/Bone003",
    "Bip01/Bone002/Bone003/Bone004/Bone04",
    "Bip01/Bone002/Bone003/Bone004/Bone05",
    "Bip01/Bone002/Bone003/Bone03",
    "Bip01/Bone002/Bone003/Bone004/Bone005/Bone006",
    "Bip01/Bone002/Bone003/Bone004/Bone005/Bone006/Bone007",
    "Bip01/Bone002/Bone003/Bone004/Bone005",
    "Bip01/Bone002/Bone003/Bone004",
    "Bip01/Bone002/Bone003/Bone004/Bone005/Bone019",
    "Bip01/Bone002/Bone003/Bone02",
    "Bip01/Bone_head/Bone025",
    "Bip01/Bone_head/Bone009",
    "Bip01/Bone_head/Bone021"
  ],
  "_bindposes": [
    {
      "__type__": "cc.Mat4",
      "m00": -0.9997654557228088,
      "m01": 0.0216562170535326,
      "m02": 0.0000363140061381273,
      "m03": 0,
      "m04": -0.00003630771971074864,
      "m05": 6.833264478700585e-7,
      "m06": -1,
      "m07": 0,
      "m08": -0.0216562170535326,
      "m09": -0.9997654557228088,
      "m10": 1.0312169962389817e-7,
      "m11": 0,
      "m12": 316.9407043457031,
      "m13": 35.5345344543457,
      "m14": -0.01155956368893385,
      "m15": 1
    },
    {
      "__type__": "cc.Mat4",
      "m00": 0.9998592734336853,
      "m01": -0.016776014119386673,
      "m02": 0.00003637483678176068,
      "m03": 0,
      "m04": 0.00003636899054981768,
      "m05": -6.53536858408188e-7,
      "m06": -1,
      "m07": 0,
      "m08": 0.016776014119386673,
      "m09": 0.9998592734336853,
      "m10": -4.3318213016618756e-8,
      "m11": 0,
      "m12": -316.76348876953125,
      "m13": -37.08112716674805,
      "m14": -0.011582355946302414,
      "m15": 1
    },
    {
      "__type__": "cc.Mat4",
      "m00": 0.17293019592761993,
      "m01": 0.9849339723587036,
      "m02": 2.1517665516057605e-7,
      "m03": 0,
      "m04": -2.0661897082163705e-8,
      "m05": 2.2209577821286075e-7,
      "m06": -1,
      "m07": 0,
      "m08": -0.9849339723587036,
      "m09": 0.17293019592761993,
      "m10": 5.875768493979194e-8,
      "m11": 0,
      "m12": -77.95045471191406,
      "m13": -195.66053771972656,
      "m14": -0.00010395743447588757,
      "m15": 1
    },
    {
      "__type__": "cc.Mat4",
      "m00": 0.7140547633171082,
      "m01": -0.6976945400238037,
      "m02": -0.057863928377628326,
      "m03": 0,
      "m04": 0.6959941387176514,
      "m05": 0.7163758277893066,
      "m06": -0.0489688478410244,
      "m07": 0,
      "m08": 0.07561761885881424,
      "m09": -0.00530651630833745,
      "m10": 0.9971227049827576,
      "m11": 0,
      "m12": -343.8646545410156,
      "m13": 287.60394287109375,
      "m14": -13.13455867767334,
      "m15": 1
    },
    {
      "__type__": "cc.Mat4",
      "m00": 0.3777196705341339,
      "m01": -0.07214000076055527,
      "m02": 0.9231054186820984,
      "m03": 0,
      "m04": 0.3979151248931885,
      "m05": -0.8875555992126465,
      "m06": -0.23218218982219696,
      "m07": 0,
      "m08": 0.8360570073127747,
      "m09": 0.45501741766929626,
      "m10": -0.3065416216850281,
      "m11": 0,
      "m12": -235.16134643554688,
      "m13": 26.397823333740234,
      "m14": -391.1890869140625,
      "m15": 1
    },
    {
      "__type__": "cc.Mat4",
      "m00": -0.7480818033218384,
      "m01": -0.6580499410629272,
      "m02": 0.0856965035200119,
      "m03": 0,
      "m04": 0.6535113453865051,
      "m05": -0.7529724836349487,
      "m06": -0.07717110961675644,
      "m07": 0,
      "m08": 0.11530953645706177,
      "m09": -0.0017266651848331094,
      "m10": 0.9933279752731323,
      "m11": 0,
      "m12": 236.16036987304688,
      "m13": 288.1064147949219,
      "m14": -74.284423828125,
      "m15": 1
    },
    {
      "__type__": "cc.Mat4",
      "m00": -0.9999220371246338,
      "m01": 0.01248735561966896,
      "m02": 0.000036790803278563544,
      "m03": 0,
      "m04": -0.00003678929715533741,
      "m05": 3.503513141822623e-7,
      "m06": -1,
      "m07": 0,
      "m08": -0.01248735561966896,
      "m09": -0.9999220371246338,
      "m10": 1.0907703540397051e-7,
      "m11": 0,
      "m12": 153.26502990722656,
      "m13": 36.94130325317383,
      "m14": -0.011632205918431282,
      "m15": 1
    },
    {
      "__type__": "cc.Mat4",
      "m00": -0.1393798142671585,
      "m01": 0.9902390241622925,
      "m02": 3.9774059246155957e-7,
      "m03": 0,
      "m04": -8.22005929990155e-8,
      "m05": 3.9009117358546064e-7,
      "m06": -1,
      "m07": 0,
      "m08": -0.9902390241622925,
      "m09": -0.1393798142671585,
      "m10": 2.7027397209167248e-8,
      "m11": 0,
      "m12": -60.7004508972168,
      "m13": 70.54182434082031,
      "m14": -0.00002928416506620124,
      "m15": 1
    },
    {
      "__type__": "cc.Mat4",
      "m00": -0.27954038977622986,
      "m01": 0.960133969783783,
      "m02": -4.092210303952015e-7,
      "m03": 0,
      "m04": -4.0863596950657666e-9,
      "m05": -4.2740219896586495e-7,
      "m06": -1,
      "m07": 0,
      "m08": -0.960133969783783,
      "m09": -0.27954038977622986,
      "m10": 1.2339961585894343e-7,
      "m11": 0,
      "m12": -75.90675354003906,
      "m13": 159.67568969726562,
      "m14": -0.00013069006672594696,
      "m15": 1
    },
    {
      "__type__": "cc.Mat4",
      "m00": 0.01300877332687378,
      "m01": 0.9999151229858398,
      "m02": 9.867550261333236e-7,
      "m03": 0,
      "m04": -1.0730141752901545e-7,
      "m05": 9.882342055789195e-7,
      "m06": -1,
      "m07": 0,
      "m08": -0.9999151229858398,
      "m09": 0.01300877332687378,
      "m10": 1.2014808703497692e-7,
      "m11": 0,
      "m12": -57.44435501098633,
      "m13": -25.858545303344727,
      "m14": -0.00008088534377748147,
      "m15": 1
    },
    {
      "__type__": "cc.Mat4",
      "m00": -0.9997557401657104,
      "m01": -0.022098705172538757,
      "m02": 0.00003437257691984996,
      "m03": 0,
      "m04": -0.000034546072129160166,
      "m05": 0.000007469227057299577,
      "m06": -1,
      "m07": 0,
      "m08": 0.022098703309893608,
      "m09": -0.9997557401657104,
      "m10": -0.000008230827006627806,
      "m11": 0,
      "m12": -307.23724365234375,
      "m13": 33.45481872558594,
      "m14": -0.012056883424520493,
      "m15": 1
    },
    {
      "__type__": "cc.Mat4",
      "m00": -0.9992430806159973,
      "m01": -0.038899194449186325,
      "m02": 0.00003385321542737074,
      "m03": 0,
      "m04": -0.00003466673297225498,
      "m05": 0.000020238971046637744,
      "m06": -1,
      "m07": 0,
      "m08": 0.038899194449186325,
      "m09": -0.9992430806159973,
      "m10": -0.000021572162950178608,
      "m11": 0,
      "m12": -424.83740234375,
      "m13": 26.317989349365234,
      "m14": -0.01171080581843853,
      "m15": 1
    },
    {
      "__type__": "cc.Mat4",
      "m00": -0.999896764755249,
      "m01": -0.014361676760017872,
      "m02": 0.00003673929677461274,
      "m03": 0,
      "m04": -0.000036772653402294964,
      "m05": 0.00000205882952286629,
      "m06": -1,
      "m07": 0,
      "m08": 0.014361676760017872,
      "m09": -0.999896764755249,
      "m10": -0.000002586734353826614,
      "m11": 0,
      "m12": -167.71742248535156,
      "m13": 35.831687927246094,
      "m14": -0.011552361771464348,
      "m15": 1
    },
    {
      "__type__": "cc.Mat4",
      "m00": -0.9999599456787109,
      "m01": -0.008941086940467358,
      "m02": 0.00003678653956740163,
      "m03": 0,
      "m04": -0.00003678835491882637,
      "m05": 3.881465104882409e-8,
      "m06": -1,
      "m07": 0,
      "m08": 0.008941086940467358,
      "m09": -0.9999599456787109,
      "m10": -3.677410518321267e-7,
      "m11": 0,
      "m12": -9.758395195007324,
      "m13": 36.74063491821289,
      "m14": -0.011621813289821148,
      "m15": 1
    },
    {
      "__type__": "cc.Mat4",